PRAGMA foreign_keys=OFF;
BEGIN TRANSACTION;
CREATE TABLE `strapi_migrations` (`id` integer not null primary key autoincrement, `name` varchar(255), `time` datetime);
CREATE TABLE `strapi_database_schema` (`id` integer not null primary key autoincrement, `schema` json, `time` datetime, `hash` varchar(255));
INSERT INTO strapi_database_schema VALUES(7,'{"tables":[{"name":"strapi_core_store_settings","indexes":[],"foreignKeys":[],"columns":[{"name":"id","type":"increments","args":[{"primary":true,"primaryKey":true}],"defaultTo":null,"notNullable":true,"unsigned":false},{"name":"key","type":"string","args":[],"defaultTo":null,"notNullable":false,"unsigned":false},{"name":"value","type":"text","args":["longtext"],"defaultTo":null,"notNullable":false,"unsigned":false},{"name":"type","type":"string","args":[],"defaultTo":null,"notNullable":false,"unsigned":false},{"name":"environment","type":"string","args":[],"defaultTo":null,"notNullable":false,"unsigned":false},{"name":"tag","type":"string","args":[],"defaultTo":null,"notNullable":false,"unsigned":false}]},{"name":"strapi_webhooks","indexes":[],"foreignKeys":[],"columns":[{"name":"id","type":"increments","args":[{"primary":true,"primaryKey":true}],"defaultTo":null,"notNullable":true,"unsigned":false},{"name":"name","type":"string","args":[],"defaultTo":null,"notNullable":false,"unsigned":false},{"name":"url","type":"text","args":["longtext"],"defaultTo":null,"notNullable":false,"unsigned":false},{"name":"headers","type":"jsonb","args":[],"defaultTo":null,"notNullable":false,"unsigned":false},{"name":"events","type":"jsonb","args":[],"defaultTo":null,"notNullable":false,"unsigned":false},{"name":"enabled","type":"boolean","args":[],"defaultTo":null,"notNullable":false,"unsigned":false}]},{"name":"admin_permissions","indexes":[{"name":"admin_permissions_created_by_id_fk","columns":["created_by_id"]},{"name":"admin_permissions_updated_by_id_fk","columns":["updated_by_id"]}],"foreignKeys":[{"name":"admin_permissions_created_by_id_fk","columns":["created_by_id"],"referencedTable":"admin_users","referencedColumns":["id"],"onDelete":"SET NULL"},{"name":"admin_permissions_updated_by_id_fk","columns":["updated_by_id"],"referencedTable":"admin_users","referencedColumns":["id"],"onDelete":"SET NULL"}],"columns":[{"name":"id","type":"increments","args":[{"primary":true,"primaryKey":true}],"defaultTo":null,"notNullable":true,"unsigned":false},{"name":"action","type":"string","args":[],"defaultTo":null,"notNullable":false,"unsigned":false},{"name":"action_parameters","type":"jsonb","args":[],"defaultTo":null,"notNullable":false,"unsigned":false},{"name":"subject","type":"string","args":[],"defaultTo":null,"notNullable":false,"unsigned":false},{"name":"properties","type":"jsonb","args":[],"defaultTo":null,"notNullable":false,"unsigned":false},{"name":"conditions","type":"jsonb","args":[],"defaultTo":null,"notNullable":false,"unsigned":false},{"name":"created_at","type":"datetime","args":[{"useTz":false,"precision":6}],"defaultTo":null,"notNullable":false,"unsigned":false},{"name":"updated_at","type":"datetime","args":[{"useTz":false,"precision":6}],"defaultTo":null,"notNullable":false,"unsigned":false},{"name":"created_by_id","type":"integer","args":[],"defaultTo":null,"notNullable":false,"unsigned":true},{"name":"updated_by_id","type":"integer","args":[],"defaultTo":null,"notNullable":false,"unsigned":true}]},{"name":"admin_users","indexes":[{"name":"admin_users_created_by_id_fk","columns":["created_by_id"]},{"name":"admin_users_updated_by_id_fk","columns":["updated_by_id"]}],"foreignKeys":[{"name":"admin_users_created_by_id_fk","columns":["created_by_id"],"referencedTable":"admin_users","referencedColumns":["id"],"onDelete":"SET NULL"},{"name":"admin_users_updated_by_id_fk","columns":["updated_by_id"],"referencedTable":"admin_users","referencedColumns":["id"],"onDelete":"SET NULL"}],"columns":[{"name":"id","type":"increments","args":[{"primary":true,"primaryKey":true}],"defaultTo":null,"notNullable":true,"unsigned":false},{"name":"firstname","type":"string","args":[],"defaultTo":null,"notNullable":false,"unsigned":false},{"name":"lastname","type":"string","args":[],"defaultTo":null,"notNullable":false,"unsigned":false},{"name":"username","type":"string","args":[],"defaultTo":null,"notNullable":false,"unsigned":false},{"name":"email","type":"string","args":[],"defaultTo":null,"notNullable":false,"unsigned":false},{"name":"password","type":"string","args":[],"defaultTo":null,"notNullable":false,"unsigned":false},{"name":"reset_password_token","type":"string","args":[],"defaultTo":null,"notNullable":false,"unsigned":false},{"name":"registration_token","type":"string","args":[],"defaultTo":null,"notNullable":false,"unsigned":false},{"name":"is_active","type":"boolean","args":[],"defaultTo":null,"notNullable":false,"unsigned":false},{"name":"blocked","type":"boolean","args":[],"defaultTo":null,"notNullable":false,"unsigned":false},{"name":"prefered_language","type":"string","args":[],"defaultTo":null,"notNullable":false,"unsigned":false},{"name":"created_at","type":"datetime","args":[{"useTz":false,"precision":6}],"defaultTo":null,"notNullable":false,"unsigned":false},{"name":"updated_at","type":"datetime","args":[{"useTz":false,"precision":6}],"defaultTo":null,"notNullable":false,"unsigned":false},{"name":"created_by_id","type":"integer","args":[],"defaultTo":null,"notNullable":false,"unsigned":true},{"name":"updated_by_id","type":"integer","args":[],"defaultTo":null,"notNullable":false,"unsigned":true}]},{"name":"admin_roles","indexes":[{"name":"admin_roles_created_by_id_fk","columns":["created_by_id"]},{"name":"admin_roles_updated_by_id_fk","columns":["updated_by_id"]}],"foreignKeys":[{"name":"admin_roles_created_by_id_fk","columns":["created_by_id"],"referencedTable":"admin_users","referencedColumns":["id"],"onDelete":"SET NULL"},{"name":"admin_roles_updated_by_id_fk","columns":["updated_by_id"],"referencedTable":"admin_users","referencedColumns":["id"],"onDelete":"SET NULL"}],"columns":[{"name":"id","type":"increments","args":[{"primary":true,"primaryKey":true}],"defaultTo":null,"notNullable":true,"unsigned":false},{"name":"name","type":"string","args":[],"defaultTo":null,"notNullable":false,"unsigned":false},{"name":"code","type":"string","args":[],"defaultTo":null,"notNullable":false,"unsigned":false},{"name":"description","type":"string","args":[],"defaultTo":null,"notNullable":false,"unsigned":false},{"name":"created_at","type":"datetime","args":[{"useTz":false,"precision":6}],"defaultTo":null,"notNullable":false,"unsigned":false},{"name":"updated_at","type":"datetime","args":[{"useTz":false,"precision":6}],"defaultTo":null,"notNullable":false,"unsigned":false},{"name":"created_by_id","type":"integer","args":[],"defaultTo":null,"notNullable":false,"unsigned":true},{"name":"updated_by_id","type":"integer","args":[],"defaultTo":null,"notNullable":false,"unsigned":true}]},{"name":"strapi_api_tokens","indexes":[{"name":"strapi_api_tokens_created_by_id_fk","columns":["created_by_id"]},{"name":"strapi_api_tokens_updated_by_id_fk","columns":["updated_by_id"]}],"foreignKeys":[{"name":"strapi_api_tokens_created_by_id_fk","columns":["created_by_id"],"referencedTable":"admin_users","referencedColumns":["id"],"onDelete":"SET NULL"},{"name":"strapi_api_tokens_updated_by_id_fk","columns":["updated_by_id"],"referencedTable":"admin_users","referencedColumns":["id"],"onDelete":"SET NULL"}],"columns":[{"name":"id","type":"increments","args":[{"primary":true,"primaryKey":true}],"defaultTo":null,"notNullable":true,"unsigned":false},{"name":"name","type":"string","args":[],"defaultTo":null,"notNullable":false,"unsigned":false},{"name":"description","type":"string","args":[],"defaultTo":null,"notNullable":false,"unsigned":false},{"name":"type","type":"string","args":[],"defaultTo":null,"notNullable":false,"unsigned":false},{"name":"access_key","type":"string","args":[],"defaultTo":null,"notNullable":false,"unsigned":false},{"name":"last_used_at","type":"datetime","args":[{"useTz":false,"precision":6}],"defaultTo":null,"notNullable":false,"unsigned":false},{"name":"expires_at","type":"datetime","args":[{"useTz":false,"precision":6}],"defaultTo":null,"notNullable":false,"unsigned":false},{"name":"lifespan","type":"bigInteger","args":[],"defaultTo":null,"notNullable":false,"unsigned":false},{"name":"created_at","type":"datetime","args":[{"useTz":false,"precision":6}],"defaultTo":null,"notNullable":false,"unsigned":false},{"name":"updated_at","type":"datetime","args":[{"useTz":false,"precision":6}],"defaultTo":null,"notNullable":false,"unsigned":false},{"name":"created_by_id","type":"integer","args":[],"defaultTo":null,"notNullable":false,"unsigned":true},{"name":"updated_by_id","type":"integer","args":[],"defaultTo":null,"notNullable":false,"unsigned":true}]},{"name":"strapi_api_token_permissions","indexes":[{"name":"strapi_api_token_permissions_created_by_id_fk","columns":["created_by_id"]},{"name":"strapi_api_token_permissions_updated_by_id_fk","columns":["updated_by_id"]}],"foreignKeys":[{"name":"strapi_api_token_permissions_created_by_id_fk","columns":["created_by_id"],"referencedTable":"admin_users","referencedColumns":["id"],"onDelete":"SET NULL"},{"name":"strapi_api_token_permissions_updated_by_id_fk","columns":["updated_by_id"],"referencedTable":"admin_users","referencedColumns":["id"],"onDelete":"SET NULL"}],"columns":[{"name":"id","type":"increments","args":[{"primary":true,"primaryKey":true}],"defaultTo":null,"notNullable":true,"unsigned":false},{"name":"action","type":"string","args":[],"defaultTo":null,"notNullable":false,"unsigned":false},{"name":"created_at","type":"datetime","args":[{"useTz":false,"precision":6}],"defaultTo":null,"notNullable":false,"unsigned":false},{"name":"updated_at","type":"datetime","args":[{"useTz":false,"precision":6}],"defaultTo":null,"notNullable":false,"unsigned":false},{"name":"created_by_id","type":"integer","args":[],"defaultTo":null,"notNullable":false,"unsigned":true},{"name":"updated_by_id","type":"integer","args":[],"defaultTo":null,"notNullable":false,"unsigned":true}]},{"name":"strapi_transfer_tokens","indexes":[{"name":"strapi_transfer_tokens_created_by_id_fk","columns":["created_by_id"]},{"name":"strapi_transfer_tokens_updated_by_id_fk","columns":["updated_by_id"]}],"foreignKeys":[{"name":"strapi_transfer_tokens_created_by_id_fk","columns":["created_by_id"],"referencedTable":"admin_users","referencedColumns":["id"],"onDelete":"SET NULL"},{"name":"strapi_transfer_tokens_updated_by_id_fk","columns":["updated_by_id"],"referencedTable":"admin_users","referencedColumns":["id"],"onDelete":"SET NULL"}],"columns":[{"name":"id","type":"increments","args":[{"primary":true,"primaryKey":true}],"defaultTo":null,"notNullable":true,"unsigned":false},{"name":"name","type":"string","args":[],"defaultTo":null,"notNullable":false,"unsigned":false},{"name":"description","type":"string","args":[],"defaultTo":null,"notNullable":false,"unsigned":false},{"name":"access_key","type":"string","args":[],"defaultTo":null,"notNullable":false,"unsigned":false},{"name":"last_used_at","type":"datetime","args":[{"useTz":false,"precision":6}],"defaultTo":null,"notNullable":false,"unsigned":false},{"name":"expires_at","type":"datetime","args":[{"useTz":false,"precision":6}],"defaultTo":null,"notNullable":false,"unsigned":false},{"name":"lifespan","type":"bigInteger","args":[],"defaultTo":null,"notNullable":false,"unsigned":false},{"name":"created_at","type":"datetime","args":[{"useTz":false,"precision":6}],"defaultTo":null,"notNullable":false,"unsigned":false},{"name":"updated_at","type":"datetime","args":[{"useTz":false,"precision":6}],"defaultTo":null,"notNullable":false,"unsigned":false},{"name":"created_by_id","type":"integer","args":[],"defaultTo":null,"notNullable":false,"unsigned":true},{"name":"updated_by_id","type":"integer","args":[],"defaultTo":null,"notNullable":false,"unsigned":true}]},{"name":"strapi_transfer_token_permissions","indexes":[{"name":"strapi_transfer_token_permissions_created_by_id_fk","columns":["created_by_id"]},{"name":"strapi_transfer_token_permissions_updated_by_id_fk","columns":["updated_by_id"]}],"foreignKeys":[{"name":"strapi_transfer_token_permissions_created_by_id_fk","columns":["created_by_id"],"referencedTable":"admin_users","referencedColumns":["id"],"onDelete":"SET NULL"},{"name":"strapi_transfer_token_permissions_updated_by_id_fk","columns":["updated_by_id"],"referencedTable":"admin_users","referencedColumns":["id"],"onDelete":"SET NULL"}],"columns":[{"name":"id","type":"increments","args":[{"primary":true,"primaryKey":true}],"defaultTo":null,"notNullable":true,"unsigned":false},{"name":"action","type":"string","args":[],"defaultTo":null,"notNullable":false,"unsigned":false},{"name":"created_at","type":"datetime","args":[{"useTz":false,"precision":6}],"defaultTo":null,"notNullable":false,"unsigned":false},{"name":"updated_at","type":"datetime","args":[{"useTz":false,"precision":6}],"defaultTo":null,"notNullable":false,"unsigned":false},{"name":"created_by_id","type":"integer","args":[],"defaultTo":null,"notNullable":false,"unsigned":true},{"name":"updated_by_id","type":"integer","args":[],"defaultTo":null,"notNullable":false,"unsigned":true}]},{"name":"files","indexes":[{"name":"upload_files_folder_path_index","columns":["folder_path"],"type":null},{"name":"upload_files_created_at_index","columns":["created_at"],"type":null},{"name":"upload_files_updated_at_index","columns":["updated_at"],"type":null},{"name":"upload_files_name_index","columns":["name"],"type":null},{"name":"upload_files_size_index","columns":["size"],"type":null},{"name":"upload_files_ext_index","columns":["ext"],"type":null},{"name":"files_created_by_id_fk","columns":["created_by_id"]},{"name":"files_updated_by_id_fk","columns":["updated_by_id"]}],"foreignKeys":[{"name":"files_created_by_id_fk","columns":["created_by_id"],"referencedTable":"admin_users","referencedColumns":["id"],"onDelete":"SET NULL"},{"name":"files_updated_by_id_fk","columns":["updated_by_id"],"referencedTable":"admin_users","referencedColumns":["id"],"onDelete":"SET NULL"}],"columns":[{"name":"id","type":"increments","args":[{"primary":true,"primaryKey":true}],"defaultTo":null,"notNullable":true,"unsigned":false},{"name":"name","type":"string","args":[],"defaultTo":null,"notNullable":false,"unsigned":false},{"name":"alternative_text","type":"string","args":[],"defaultTo":null,"notNullable":false,"unsigned":false},{"name":"caption","type":"string","args":[],"defaultTo":null,"notNullable":false,"unsigned":false},{"name":"width","type":"integer","args":[],"defaultTo":null,"notNullable":false,"unsigned":false},{"name":"height","type":"integer","args":[],"defaultTo":null,"notNullable":false,"unsigned":false},{"name":"formats","type":"jsonb","args":[],"defaultTo":null,"notNullable":false,"unsigned":false},{"name":"hash","type":"string","args":[],"defaultTo":null,"notNullable":false,"unsigned":false},{"name":"ext","type":"string","args":[],"defaultTo":null,"notNullable":false,"unsigned":false},{"name":"mime","type":"string","args":[],"defaultTo":null,"notNullable":false,"unsigned":false},{"name":"size","type":"decimal","args":[10,2],"defaultTo":null,"notNullable":false,"unsigned":false},{"name":"url","type":"string","args":[],"defaultTo":null,"notNullable":false,"unsigned":false},{"name":"preview_url","type":"string","args":[],"defaultTo":null,"notNullable":false,"unsigned":false},{"name":"provider","type":"string","args":[],"defaultTo":null,"notNullable":false,"unsigned":false},{"name":"provider_metadata","type":"jsonb","args":[],"defaultTo":null,"notNullable":false,"unsigned":false},{"name":"folder_path","type":"string","args":[],"defaultTo":null,"notNullable":false,"unsigned":false},{"name":"created_at","type":"datetime","args":[{"useTz":false,"precision":6}],"defaultTo":null,"notNullable":false,"unsigned":false},{"name":"updated_at","type":"datetime","args":[{"useTz":false,"precision":6}],"defaultTo":null,"notNullable":false,"unsigned":false},{"name":"created_by_id","type":"integer","args":[],"defaultTo":null,"notNullable":false,"unsigned":true},{"name":"updated_by_id","type":"integer","args":[],"defaultTo":null,"notNullable":false,"unsigned":true}]},{"name":"upload_folders","indexes":[{"name":"upload_folders_path_id_index","columns":["path_id"],"type":"unique"},{"name":"upload_folders_path_index","columns":["path"],"type":"unique"},{"name":"upload_folders_created_by_id_fk","columns":["created_by_id"]},{"name":"upload_folders_updated_by_id_fk","columns":["updated_by_id"]}],"foreignKeys":[{"name":"upload_folders_created_by_id_fk","columns":["created_by_id"],"referencedTable":"admin_users","referencedColumns":["id"],"onDelete":"SET NULL"},{"name":"upload_folders_updated_by_id_fk","columns":["updated_by_id"],"referencedTable":"admin_users","referencedColumns":["id"],"onDelete":"SET NULL"}],"columns":[{"name":"id","type":"increments","args":[{"primary":true,"primaryKey":true}],"defaultTo":null,"notNullable":true,"unsigned":false},{"name":"name","type":"string","args":[],"defaultTo":null,"notNullable":false,"unsigned":false},{"name":"path_id","type":"integer","args":[],"defaultTo":null,"notNullable":false,"unsigned":false},{"name":"path","type":"string","args":[],"defaultTo":null,"notNullable":false,"unsigned":false},{"name":"created_at","type":"datetime","args":[{"useTz":false,"precision":6}],"defaultTo":null,"notNullable":false,"unsigned":false},{"name":"updated_at","type":"datetime","args":[{"useTz":false,"precision":6}],"defaultTo":null,"notNullable":false,"unsigned":false},{"name":"created_by_id","type":"integer","args":[],"defaultTo":null,"notNullable":false,"unsigned":true},{"name":"updated_by_id","type":"integer","args":[],"defaultTo":null,"notNullable":false,"unsigned":true}]},{"name":"strapi_releases","indexes":[{"name":"strapi_releases_created_by_id_fk","columns":["created_by_id"]},{"name":"strapi_releases_updated_by_id_fk","columns":["updated_by_id"]}],"foreignKeys":[{"name":"strapi_releases_created_by_id_fk","columns":["created_by_id"],"referencedTable":"admin_users","referencedColumns":["id"],"onDelete":"SET NULL"},{"name":"strapi_releases_updated_by_id_fk","columns":["updated_by_id"],"referencedTable":"admin_users","referencedColumns":["id"],"onDelete":"SET NULL"}],"columns":[{"name":"id","type":"increments","args":[{"primary":true,"primaryKey":true}],"defaultTo":null,"notNullable":true,"unsigned":false},{"name":"name","type":"string","args":[],"defaultTo":null,"notNullable":false,"unsigned":false},{"name":"released_at","type":"datetime","args":[{"useTz":false,"precision":6}],"defaultTo":null,"notNullable":false,"unsigned":false},{"name":"scheduled_at","type":"datetime","args":[{"useTz":false,"precision":6}],"defaultTo":null,"notNullable":false,"unsigned":false},{"name":"timezone","type":"string","args":[],"defaultTo":null,"notNullable":false,"unsigned":false},{"name":"status","type":"string","args":[],"defaultTo":null,"notNullable":false,"unsigned":false},{"name":"created_at","type":"datetime","args":[{"useTz":false,"precision":6}],"defaultTo":null,"notNullable":false,"unsigned":false},{"name":"updated_at","type":"datetime","args":[{"useTz":false,"precision":6}],"defaultTo":null,"notNullable":false,"unsigned":false},{"name":"created_by_id","type":"integer","args":[],"defaultTo":null,"notNullable":false,"unsigned":true},{"name":"updated_by_id","type":"integer","args":[],"defaultTo":null,"notNullable":false,"unsigned":true}]},{"name":"strapi_release_actions","indexes":[{"name":"strapi_release_actions_created_by_id_fk","columns":["created_by_id"]},{"name":"strapi_release_actions_updated_by_id_fk","columns":["updated_by_id"]}],"foreignKeys":[{"name":"strapi_release_actions_created_by_id_fk","columns":["created_by_id"],"referencedTable":"admin_users","referencedColumns":["id"],"onDelete":"SET NULL"},{"name":"strapi_release_actions_updated_by_id_fk","columns":["updated_by_id"],"referencedTable":"admin_users","referencedColumns":["id"],"onDelete":"SET NULL"}],"columns":[{"name":"id","type":"increments","args":[{"primary":true,"primaryKey":true}],"defaultTo":null,"notNullable":true,"unsigned":false},{"name":"type","type":"string","args":[],"defaultTo":null,"notNullable":false,"unsigned":false},{"name":"target_id","type":"integer","args":[],"defaultTo":null,"notNullable":false,"unsigned":true},{"name":"target_type","type":"string","args":[],"defaultTo":null,"notNullable":false,"unsigned":false},{"name":"content_type","type":"string","args":[],"defaultTo":null,"notNullable":false,"unsigned":false},{"name":"locale","type":"string","args":[],"defaultTo":null,"notNullable":false,"unsigned":false},{"name":"is_entry_valid","type":"boolean","args":[],"defaultTo":null,"notNullable":false,"unsigned":false},{"name":"created_at","type":"datetime","args":[{"useTz":false,"precision":6}],"defaultTo":null,"notNullable":false,"unsigned":false},{"name":"updated_at","type":"datetime","args":[{"useTz":false,"precision":6}],"defaultTo":null,"notNullable":false,"unsigned":false},{"name":"created_by_id","type":"integer","args":[],"defaultTo":null,"notNullable":false,"unsigned":true},{"name":"updated_by_id","type":"integer","args":[],"defaultTo":null,"notNullable":false,"unsigned":true}]},{"name":"up_permissions","indexes":[{"name":"up_permissions_created_by_id_fk","columns":["created_by_id"]},{"name":"up_permissions_updated_by_id_fk","columns":["updated_by_id"]}],"foreignKeys":[{"name":"up_permissions_created_by_id_fk","columns":["created_by_id"],"referencedTable":"admin_users","referencedColumns":["id"],"onDelete":"SET NULL"},{"name":"up_permissions_updated_by_id_fk","columns":["updated_by_id"],"referencedTable":"admin_users","referencedColumns":["id"],"onDelete":"SET NULL"}],"columns":[{"name":"id","type":"increments","args":[{"primary":true,"primaryKey":true}],"defaultTo":null,"notNullable":true,"unsigned":false},{"name":"action","type":"string","args":[],"defaultTo":null,"notNullable":false,"unsigned":false},{"name":"created_at","type":"datetime","args":[{"useTz":false,"precision":6}],"defaultTo":null,"notNullable":false,"unsigned":false},{"name":"updated_at","type":"datetime","args":[{"useTz":false,"precision":6}],"defaultTo":null,"notNullable":false,"unsigned":false},{"name":"created_by_id","type":"integer","args":[],"defaultTo":null,"notNullable":false,"unsigned":true},{"name":"updated_by_id","type":"integer","args":[],"defaultTo":null,"notNullable":false,"unsigned":true}]},{"name":"up_roles","indexes":[{"name":"up_roles_created_by_id_fk","columns":["created_by_id"]},{"name":"up_roles_updated_by_id_fk","columns":["updated_by_id"]}],"foreignKeys":[{"name":"up_roles_created_by_id_fk","columns":["created_by_id"],"referencedTable":"admin_users","referencedColumns":["id"],"onDelete":"SET NULL"},{"name":"up_roles_updated_by_id_fk","columns":["updated_by_id"],"referencedTable":"admin_users","referencedColumns":["id"],"onDelete":"SET NULL"}],"columns":[{"name":"id","type":"increments","args":[{"primary":true,"primaryKey":true}],"defaultTo":null,"notNullable":true,"unsigned":false},{"name":"name","type":"string","args":[],"defaultTo":null,"notNullable":false,"unsigned":false},{"name":"description","type":"string","args":[],"defaultTo":null,"notNullable":false,"unsigned":false},{"name":"type","type":"string","args":[],"defaultTo":null,"notNullable":false,"unsigned":false},{"name":"created_at","type":"datetime","args":[{"useTz":false,"precision":6}],"defaultTo":null,"notNullable":false,"unsigned":false},{"name":"updated_at","type":"datetime","args":[{"useTz":false,"precision":6}],"defaultTo":null,"notNullable":false,"unsigned":false},{"name":"created_by_id","type":"integer","args":[],"defaultTo":null,"notNullable":false,"unsigned":true},{"name":"updated_by_id","type":"integer","args":[],"defaultTo":null,"notNullable":false,"unsigned":true}]},{"name":"up_users","indexes":[{"name":"up_users_created_by_id_fk","columns":["created_by_id"]},{"name":"up_users_updated_by_id_fk","columns":["updated_by_id"]}],"foreignKeys":[{"name":"up_users_created_by_id_fk","columns":["created_by_id"],"referencedTable":"admin_users","referencedColumns":["id"],"onDelete":"SET NULL"},{"name":"up_users_updated_by_id_fk","columns":["updated_by_id"],"referencedTable":"admin_users","referencedColumns":["id"],"onDelete":"SET NULL"}],"columns":[{"name":"id","type":"increments","args":[{"primary":true,"primaryKey":true}],"defaultTo":null,"notNullable":true,"unsigned":false},{"name":"username","type":"string","args":[],"defaultTo":null,"notNullable":false,"unsigned":false},{"name":"email","type":"string","args":[],"defaultTo":null,"notNullable":false,"unsigned":false},{"name":"provider","type":"string","args":[],"defaultTo":null,"notNullable":false,"unsigned":false},{"name":"password","type":"string","args":[],"defaultTo":null,"notNullable":false,"unsigned":false},{"name":"reset_password_token","type":"string","args":[],"defaultTo":null,"notNullable":false,"unsigned":false},{"name":"confirmation_token","type":"string","args":[],"defaultTo":null,"notNullable":false,"unsigned":false},{"name":"confirmed","type":"boolean","args":[],"defaultTo":null,"notNullable":false,"unsigned":false},{"name":"blocked","type":"boolean","args":[],"defaultTo":null,"notNullable":false,"unsigned":false},{"name":"subscription_status","type":"string","args":[],"defaultTo":null,"notNullable":false,"unsigned":false},{"name":"premium_expiry","type":"date","args":[],"defaultTo":null,"notNullable":false,"unsigned":false},{"name":"full_name","type":"string","args":[],"defaultTo":null,"notNullable":false,"unsigned":false},{"name":"phone","type":"string","args":[],"defaultTo":null,"notNullable":false,"unsigned":false},{"name":"address","type":"text","args":["longtext"],"defaultTo":null,"notNullable":false,"unsigned":false},{"name":"created_at","type":"datetime","args":[{"useTz":false,"precision":6}],"defaultTo":null,"notNullable":false,"unsigned":false},{"name":"updated_at","type":"datetime","args":[{"useTz":false,"precision":6}],"defaultTo":null,"notNullable":false,"unsigned":false},{"name":"created_by_id","type":"integer","args":[],"defaultTo":null,"notNullable":false,"unsigned":true},{"name":"updated_by_id","type":"integer","args":[],"defaultTo":null,"notNullable":false,"unsigned":true}]},{"name":"admin_user_profiles","indexes":[{"name":"admin_user_profiles_created_by_id_fk","columns":["created_by_id"]},{"name":"admin_user_profiles_updated_by_id_fk","columns":["updated_by_id"]}],"foreignKeys":[{"name":"admin_user_profiles_created_by_id_fk","columns":["created_by_id"],"referencedTable":"admin_users","referencedColumns":["id"],"onDelete":"SET NULL"},{"name":"admin_user_profiles_updated_by_id_fk","columns":["updated_by_id"],"referencedTable":"admin_users","referencedColumns":["id"],"onDelete":"SET NULL"}],"columns":[{"name":"id","type":"increments","args":[{"primary":true,"primaryKey":true}],"defaultTo":null,"notNullable":true,"unsigned":false},{"name":"email","type":"string","args":[],"defaultTo":null,"notNullable":false,"unsigned":false},{"name":"password","type":"text","args":["longtext"],"defaultTo":null,"notNullable":false,"unsigned":false},{"name":"full_name","type":"string","args":[],"defaultTo":null,"notNullable":false,"unsigned":false},{"name":"admin_type","type":"string","args":[],"defaultTo":null,"notNullable":false,"unsigned":false},{"name":"badge","type":"string","args":[],"defaultTo":null,"notNullable":false,"unsigned":false},{"name":"permissions","type":"jsonb","args":[],"defaultTo":null,"notNullable":false,"unsigned":false},{"name":"is_active","type":"boolean","args":[],"defaultTo":null,"notNullable":false,"unsigned":false},{"name":"last_login","type":"datetime","args":[{"useTz":false,"precision":6}],"defaultTo":null,"notNullable":false,"unsigned":false},{"name":"session_token","type":"text","args":["longtext"],"defaultTo":null,"notNullable":false,"unsigned":false},{"name":"created_at","type":"datetime","args":[{"useTz":false,"precision":6}],"defaultTo":null,"notNullable":false,"unsigned":false},{"name":"updated_at","type":"datetime","args":[{"useTz":false,"precision":6}],"defaultTo":null,"notNullable":false,"unsigned":false},{"name":"created_by_id","type":"integer","args":[],"defaultTo":null,"notNullable":false,"unsigned":true},{"name":"updated_by_id","type":"integer","args":[],"defaultTo":null,"notNullable":false,"unsigned":true}]},{"name":"background_music_tracks","indexes":[{"name":"background_music_tracks_created_by_id_fk","columns":["created_by_id"]},{"name":"background_music_tracks_updated_by_id_fk","columns":["updated_by_id"]}],"foreignKeys":[{"name":"background_music_tracks_created_by_id_fk","columns":["created_by_id"],"referencedTable":"admin_users","referencedColumns":["id"],"onDelete":"SET NULL"},{"name":"background_music_tracks_updated_by_id_fk","columns":["updated_by_id"],"referencedTable":"admin_users","referencedColumns":["id"],"onDelete":"SET NULL"}],"columns":[{"name":"id","type":"increments","args":[{"primary":true,"primaryKey":true}],"defaultTo":null,"notNullable":true,"unsigned":false},{"name":"title","type":"string","args":[],"defaultTo":null,"notNullable":false,"unsigned":false},{"name":"duration","type":"integer","args":[],"defaultTo":null,"notNullable":false,"unsigned":false},{"name":"is_active","type":"boolean","args":[],"defaultTo":null,"notNullable":false,"unsigned":false},{"name":"file_size","type":"integer","args":[],"defaultTo":null,"notNullable":false,"unsigned":false},{"name":"sort_order","type":"integer","args":[],"defaultTo":null,"notNullable":false,"unsigned":false},{"name":"play_count","type":"integer","args":[],"defaultTo":null,"notNullable":false,"unsigned":false},{"name":"created_at","type":"datetime","args":[{"useTz":false,"precision":6}],"defaultTo":null,"notNullable":false,"unsigned":false},{"name":"updated_at","type":"datetime","args":[{"useTz":false,"precision":6}],"defaultTo":null,"notNullable":false,"unsigned":false},{"name":"published_at","type":"datetime","args":[{"useTz":false,"precision":6}],"defaultTo":null,"notNullable":false,"unsigned":false},{"name":"created_by_id","type":"integer","args":[],"defaultTo":null,"notNullable":false,"unsigned":true},{"name":"updated_by_id","type":"integer","args":[],"defaultTo":null,"notNullable":false,"unsigned":true}]},{"name":"categories","indexes":[{"name":"categories_created_by_id_fk","columns":["created_by_id"]},{"name":"categories_updated_by_id_fk","columns":["updated_by_id"]}],"foreignKeys":[{"name":"categories_created_by_id_fk","columns":["created_by_id"],"referencedTable":"admin_users","referencedColumns":["id"],"onDelete":"SET NULL"},{"name":"categories_updated_by_id_fk","columns":["updated_by_id"],"referencedTable":"admin_users","referencedColumns":["id"],"onDelete":"SET NULL"}],"columns":[{"name":"id","type":"increments","args":[{"primary":true,"primaryKey":true}],"defaultTo":null,"notNullable":true,"unsigned":false},{"name":"name","type":"string","args":[],"defaultTo":null,"notNullable":false,"unsigned":false},{"name":"description","type":"text","args":["longtext"],"defaultTo":null,"notNullable":false,"unsigned":false},{"name":"difficulty","type":"string","args":[],"defaultTo":null,"notNullable":false,"unsigned":false},{"name":"question_count","type":"integer","args":[],"defaultTo":null,"notNullable":false,"unsigned":false},{"name":"status","type":"string","args":[],"defaultTo":null,"notNullable":false,"unsigned":false},{"name":"card_number","type":"integer","args":[],"defaultTo":null,"notNullable":false,"unsigned":false},{"name":"is_active","type":"boolean","args":[],"defaultTo":null,"notNullable":false,"unsigned":false},{"name":"sort_order","type":"integer","args":[],"defaultTo":null,"notNullable":false,"unsigned":false},{"name":"created_at","type":"datetime","args":[{"useTz":false,"precision":6}],"defaultTo":null,"notNullable":false,"unsigned":false},{"name":"updated_at","type":"datetime","args":[{"useTz":false,"precision":6}],"defaultTo":null,"notNullable":false,"unsigned":false},{"name":"created_by_id","type":"integer","args":[],"defaultTo":null,"notNullable":false,"unsigned":true},{"name":"updated_by_id","type":"integer","args":[],"defaultTo":null,"notNullable":false,"unsigned":true}]},{"name":"games","indexes":[{"name":"games_created_by_id_fk","columns":["created_by_id"]},{"name":"games_updated_by_id_fk","columns":["updated_by_id"]}],"foreignKeys":[{"name":"games_created_by_id_fk","columns":["created_by_id"],"referencedTable":"admin_users","referencedColumns":["id"],"onDelete":"SET NULL"},{"name":"games_updated_by_id_fk","columns":["updated_by_id"],"referencedTable":"admin_users","referencedColumns":["id"],"onDelete":"SET NULL"}],"columns":[{"name":"id","type":"increments","args":[{"primary":true,"primaryKey":true}],"defaultTo":null,"notNullable":true,"unsigned":false},{"name":"name","type":"string","args":[],"defaultTo":null,"notNullable":false,"unsigned":false},{"name":"description","type":"text","args":["longtext"],"defaultTo":null,"notNullable":false,"unsigned":false},{"name":"type","type":"string","args":[],"defaultTo":null,"notNullable":false,"unsigned":false},{"name":"status","type":"string","args":[],"defaultTo":null,"notNullable":false,"unsigned":false},{"name":"total_questions","type":"integer","args":[],"defaultTo":null,"notNullable":false,"unsigned":false},{"name":"is_active","type":"boolean","args":[],"defaultTo":null,"notNullable":false,"unsigned":false},{"name":"sort_order","type":"integer","args":[],"defaultTo":null,"notNullable":false,"unsigned":false},{"name":"created_at","type":"datetime","args":[{"useTz":false,"precision":6}],"defaultTo":null,"notNullable":false,"unsigned":false},{"name":"updated_at","type":"datetime","args":[{"useTz":false,"precision":6}],"defaultTo":null,"notNullable":false,"unsigned":false},{"name":"created_by_id","type":"integer","args":[],"defaultTo":null,"notNullable":false,"unsigned":true},{"name":"updated_by_id","type":"integer","args":[],"defaultTo":null,"notNullable":false,"unsigned":true}]},{"name":"questions","indexes":[{"name":"questions_created_by_id_fk","columns":["created_by_id"]},{"name":"questions_updated_by_id_fk","columns":["updated_by_id"]}],"foreignKeys":[{"name":"questions_created_by_id_fk","columns":["created_by_id"],"referencedTable":"admin_users","referencedColumns":["id"],"onDelete":"SET NULL"},{"name":"questions_updated_by_id_fk","columns":["updated_by_id"],"referencedTable":"admin_users","referencedColumns":["id"],"onDelete":"SET NULL"}],"columns":[{"name":"id","type":"increments","args":[{"primary":true,"primaryKey":true}],"defaultTo":null,"notNullable":true,"unsigned":false},{"name":"question","type":"text","args":["longtext"],"defaultTo":null,"notNullable":false,"unsigned":false},{"name":"option_1","type":"string","args":[],"defaultTo":null,"notNullable":false,"unsigned":false},{"name":"option_2","type":"string","args":[],"defaultTo":null,"notNullable":false,"unsigned":false},{"name":"option_3","type":"string","args":[],"defaultTo":null,"notNullable":false,"unsigned":false},{"name":"option_4","type":"string","args":[],"defaultTo":null,"notNullable":false,"unsigned":false},{"name":"correct_answer","type":"string","args":[],"defaultTo":null,"notNullable":false,"unsigned":false},{"name":"explanation","type":"text","args":["longtext"],"defaultTo":null,"notNullable":false,"unsigned":false},{"name":"difficulty","type":"string","args":[],"defaultTo":null,"notNullable":false,"unsigned":false},{"name":"tags","type":"jsonb","args":[],"defaultTo":null,"notNullable":false,"unsigned":false},{"name":"is_active","type":"boolean","args":[],"defaultTo":null,"notNullable":false,"unsigned":false},{"name":"sort_order","type":"integer","args":[],"defaultTo":null,"notNullable":false,"unsigned":false},{"name":"times_answered","type":"integer","args":[],"defaultTo":null,"notNullable":false,"unsigned":false},{"name":"times_correct","type":"integer","args":[],"defaultTo":null,"notNullable":false,"unsigned":false},{"name":"created_at","type":"datetime","args":[{"useTz":false,"precision":6}],"defaultTo":null,"notNullable":false,"unsigned":false},{"name":"updated_at","type":"datetime","args":[{"useTz":false,"precision":6}],"defaultTo":null,"notNullable":false,"unsigned":false},{"name":"published_at","type":"datetime","args":[{"useTz":false,"precision":6}],"defaultTo":null,"notNullable":false,"unsigned":false},{"name":"created_by_id","type":"integer","args":[],"defaultTo":null,"notNullable":false,"unsigned":true},{"name":"updated_by_id","type":"integer","args":[],"defaultTo":null,"notNullable":false,"unsigned":true}]},{"name":"game_users","indexes":[{"name":"game_users_created_by_id_fk","columns":["created_by_id"]},{"name":"game_users_updated_by_id_fk","columns":["updated_by_id"]}],"foreignKeys":[{"name":"game_users_created_by_id_fk","columns":["created_by_id"],"referencedTable":"admin_users","referencedColumns":["id"],"onDelete":"SET NULL"},{"name":"game_users_updated_by_id_fk","columns":["updated_by_id"],"referencedTable":"admin_users","referencedColumns":["id"],"onDelete":"SET NULL"}],"columns":[{"name":"id","type":"increments","args":[{"primary":true,"primaryKey":true}],"defaultTo":null,"notNullable":true,"unsigned":false},{"name":"email","type":"string","args":[],"defaultTo":null,"notNullable":false,"unsigned":false},{"name":"username","type":"string","args":[],"defaultTo":null,"notNullable":false,"unsigned":false},{"name":"subscription_type","type":"string","args":[],"defaultTo":null,"notNullable":false,"unsigned":false},{"name":"subscription_expiry","type":"datetime","args":[{"useTz":false,"precision":6}],"defaultTo":null,"notNullable":false,"unsigned":false},{"name":"game_stats","type":"jsonb","args":[],"defaultTo":null,"notNullable":false,"unsigned":false},{"name":"preferences","type":"jsonb","args":[],"defaultTo":null,"notNullable":false,"unsigned":false},{"name":"achievements","type":"jsonb","args":[],"defaultTo":null,"notNullable":false,"unsigned":false},{"name":"last_game_played","type":"datetime","args":[{"useTz":false,"precision":6}],"defaultTo":null,"notNullable":false,"unsigned":false},{"name":"total_score","type":"integer","args":[],"defaultTo":null,"notNullable":false,"unsigned":false},{"name":"games_completed","type":"integer","args":[],"defaultTo":null,"notNullable":false,"unsigned":false},{"name":"is_active","type":"boolean","args":[],"defaultTo":null,"notNullable":false,"unsigned":false},{"name":"registration_date","type":"datetime","args":[{"useTz":false,"precision":6}],"defaultTo":null,"notNullable":false,"unsigned":false},{"name":"last_login","type":"datetime","args":[{"useTz":false,"precision":6}],"defaultTo":null,"notNullable":false,"unsigned":false},{"name":"created_at","type":"datetime","args":[{"useTz":false,"precision":6}],"defaultTo":null,"notNullable":false,"unsigned":false},{"name":"updated_at","type":"datetime","args":[{"useTz":false,"precision":6}],"defaultTo":null,"notNullable":false,"unsigned":false},{"name":"published_at","type":"datetime","args":[{"useTz":false,"precision":6}],"defaultTo":null,"notNullable":false,"unsigned":false},{"name":"created_by_id","type":"integer","args":[],"defaultTo":null,"notNullable":false,"unsigned":true},{"name":"updated_by_id","type":"integer","args":[],"defaultTo":null,"notNullable":false,"unsigned":true}]},{"name":"user_music_tracks","indexes":[{"name":"user_music_tracks_created_by_id_fk","columns":["created_by_id"]},{"name":"user_music_tracks_updated_by_id_fk","columns":["updated_by_id"]}],"foreignKeys":[{"name":"user_music_tracks_created_by_id_fk","columns":["created_by_id"],"referencedTable":"admin_users","referencedColumns":["id"],"onDelete":"SET NULL"},{"name":"user_music_tracks_updated_by_id_fk","columns":["updated_by_id"],"referencedTable":"admin_users","referencedColumns":["id"],"onDelete":"SET NULL"}],"columns":[{"name":"id","type":"increments","args":[{"primary":true,"primaryKey":true}],"defaultTo":null,"notNullable":true,"unsigned":false},{"name":"title","type":"string","args":[],"defaultTo":null,"notNullable":false,"unsigned":false},{"name":"upload_slot","type":"integer","args":[],"defaultTo":null,"notNullable":false,"unsigned":false},{"name":"is_premium_user","type":"boolean","args":[],"defaultTo":null,"notNullable":false,"unsigned":false},{"name":"duration","type":"integer","args":[],"defaultTo":null,"notNullable":false,"unsigned":false},{"name":"file_size","type":"integer","args":[],"defaultTo":null,"notNullable":false,"unsigned":false},{"name":"is_active","type":"boolean","args":[],"defaultTo":null,"notNullable":false,"unsigned":false},{"name":"play_count","type":"integer","args":[],"defaultTo":null,"notNullable":false,"unsigned":false},{"name":"created_at","type":"datetime","args":[{"useTz":false,"precision":6}],"defaultTo":null,"notNullable":false,"unsigned":false},{"name":"updated_at","type":"datetime","args":[{"useTz":false,"precision":6}],"defaultTo":null,"notNullable":false,"unsigned":false},{"name":"published_at","type":"datetime","args":[{"useTz":false,"precision":6}],"defaultTo":null,"notNullable":false,"unsigned":false},{"name":"created_by_id","type":"integer","args":[],"defaultTo":null,"notNullable":false,"unsigned":true},{"name":"updated_by_id","type":"integer","args":[],"defaultTo":null,"notNullable":false,"unsigned":true}]},{"name":"components_user_profiles","indexes":[],"foreignKeys":[],"columns":[{"name":"id","type":"increments","args":[{"primary":true,"primaryKey":true}],"defaultTo":null,"notNullable":true,"unsigned":false},{"name":"first_name","type":"string","args":[],"defaultTo":null,"notNullable":false,"unsigned":false},{"name":"last_name","type":"string","args":[],"defaultTo":null,"notNullable":false,"unsigned":false}]},{"name":"admin_permissions_role_links","indexes":[{"name":"admin_permissions_role_links_fk","columns":["permission_id"]},{"name":"admin_permissions_role_links_inv_fk","columns":["role_id"]},{"name":"admin_permissions_role_links_unique","columns":["permission_id","role_id"],"type":"unique"},{"name":"admin_permissions_role_links_order_inv_fk","columns":["permission_order"]}],"foreignKeys":[{"name":"admin_permissions_role_links_fk","columns":["permission_id"],"referencedColumns":["id"],"referencedTable":"admin_permissions","onDelete":"CASCADE"},{"name":"admin_permissions_role_links_inv_fk","columns":["role_id"],"referencedColumns":["id"],"referencedTable":"admin_roles","onDelete":"CASCADE"}],"columns":[{"name":"id","type":"increments","args":[{"primary":true,"primaryKey":true}],"defaultTo":null,"notNullable":true,"unsigned":false},{"name":"permission_id","type":"integer","args":[],"defaultTo":null,"notNullable":false,"unsigned":true},{"name":"role_id","type":"integer","args":[],"defaultTo":null,"notNullable":false,"unsigned":true},{"name":"permission_order","type":"double","args":[],"defaultTo":null,"notNullable":false,"unsigned":true}]},{"name":"admin_users_roles_links","indexes":[{"name":"admin_users_roles_links_fk","columns":["user_id"]},{"name":"admin_users_roles_links_inv_fk","columns":["role_id"]},{"name":"admin_users_roles_links_unique","columns":["user_id","role_id"],"type":"unique"},{"name":"admin_users_roles_links_order_fk","columns":["role_order"]},{"name":"admin_users_roles_links_order_inv_fk","columns":["user_order"]}],"foreignKeys":[{"name":"admin_users_roles_links_fk","columns":["user_id"],"referencedColumns":["id"],"referencedTable":"admin_users","onDelete":"CASCADE"},{"name":"admin_users_roles_links_inv_fk","columns":["role_id"],"referencedColumns":["id"],"referencedTable":"admin_roles","onDelete":"CASCADE"}],"columns":[{"name":"id","type":"increments","args":[{"primary":true,"primaryKey":true}],"defaultTo":null,"notNullable":true,"unsigned":false},{"name":"user_id","type":"integer","args":[],"defaultTo":null,"notNullable":false,"unsigned":true},{"name":"role_id","type":"integer","args":[],"defaultTo":null,"notNullable":false,"unsigned":true},{"name":"role_order","type":"double","args":[],"defaultTo":null,"notNullable":false,"unsigned":true},{"name":"user_order","type":"double","args":[],"defaultTo":null,"notNullable":false,"unsigned":true}]},{"name":"strapi_api_token_permissions_token_links","indexes":[{"name":"strapi_api_token_permissions_token_links_fk","columns":["api_token_permission_id"]},{"name":"strapi_api_token_permissions_token_links_inv_fk","columns":["api_token_id"]},{"name":"strapi_api_token_permissions_token_links_unique","columns":["api_token_permission_id","api_token_id"],"type":"unique"},{"name":"strapi_api_token_permissions_token_links_order_inv_fk","columns":["api_token_permission_order"]}],"foreignKeys":[{"name":"strapi_api_token_permissions_token_links_fk","columns":["api_token_permission_id"],"referencedColumns":["id"],"referencedTable":"strapi_api_token_permissions","onDelete":"CASCADE"},{"name":"strapi_api_token_permissions_token_links_inv_fk","columns":["api_token_id"],"referencedColumns":["id"],"referencedTable":"strapi_api_tokens","onDelete":"CASCADE"}],"columns":[{"name":"id","type":"increments","args":[{"primary":true,"primaryKey":true}],"defaultTo":null,"notNullable":true,"unsigned":false},{"name":"api_token_permission_id","type":"integer","args":[],"defaultTo":null,"notNullable":false,"unsigned":true},{"name":"api_token_id","type":"integer","args":[],"defaultTo":null,"notNullable":false,"unsigned":true},{"name":"api_token_permission_order","type":"double","args":[],"defaultTo":null,"notNullable":false,"unsigned":true}]},{"name":"strapi_transfer_token_permissions_token_links","indexes":[{"name":"strapi_transfer_token_permissions_token_links_fk","columns":["transfer_token_permission_id"]},{"name":"strapi_transfer_token_permissions_token_links_inv_fk","columns":["transfer_token_id"]},{"name":"strapi_transfer_token_permissions_token_links_unique","columns":["transfer_token_permission_id","transfer_token_id"],"type":"unique"},{"name":"strapi_transfer_token_permissions_token_links_order_inv_fk","columns":["transfer_token_permission_order"]}],"foreignKeys":[{"name":"strapi_transfer_token_permissions_token_links_fk","columns":["transfer_token_permission_id"],"referencedColumns":["id"],"referencedTable":"strapi_transfer_token_permissions","onDelete":"CASCADE"},{"name":"strapi_transfer_token_permissions_token_links_inv_fk","columns":["transfer_token_id"],"referencedColumns":["id"],"referencedTable":"strapi_transfer_tokens","onDelete":"CASCADE"}],"columns":[{"name":"id","type":"increments","args":[{"primary":true,"primaryKey":true}],"defaultTo":null,"notNullable":true,"unsigned":false},{"name":"transfer_token_permission_id","type":"integer","args":[],"defaultTo":null,"notNullable":false,"unsigned":true},{"name":"transfer_token_id","type":"integer","args":[],"defaultTo":null,"notNullable":false,"unsigned":true},{"name":"transfer_token_permission_order","type":"double","args":[],"defaultTo":null,"notNullable":false,"unsigned":true}]},{"name":"files_related_morphs","indexes":[{"name":"files_related_morphs_fk","columns":["file_id"]},{"name":"files_related_morphs_order_index","columns":["order"]},{"name":"files_related_morphs_id_column_index","columns":["related_id"]}],"foreignKeys":[{"name":"files_related_morphs_fk","columns":["file_id"],"referencedColumns":["id"],"referencedTable":"files","onDelete":"CASCADE"}],"columns":[{"name":"id","type":"increments","args":[{"primary":true,"primaryKey":true}],"defaultTo":null,"notNullable":true,"unsigned":false},{"name":"file_id","type":"integer","args":[],"defaultTo":null,"notNullable":false,"unsigned":true},{"name":"related_id","type":"integer","args":[],"defaultTo":null,"notNullable":false,"unsigned":true},{"name":"related_type","type":"string","args":[],"defaultTo":null,"notNullable":false,"unsigned":false},{"name":"field","type":"string","args":[],"defaultTo":null,"notNullable":false,"unsigned":false},{"name":"order","type":"double","args":[],"defaultTo":null,"notNullable":false,"unsigned":true}]},{"name":"files_folder_links","indexes":[{"name":"files_folder_links_fk","columns":["file_id"]},{"name":"files_folder_links_inv_fk","columns":["folder_id"]},{"name":"files_folder_links_unique","columns":["file_id","folder_id"],"type":"unique"},{"name":"files_folder_links_order_inv_fk","columns":["file_order"]}],"foreignKeys":[{"name":"files_folder_links_fk","columns":["file_id"],"referencedColumns":["id"],"referencedTable":"files","onDelete":"CASCADE"},{"name":"files_folder_links_inv_fk","columns":["folder_id"],"referencedColumns":["id"],"referencedTable":"upload_folders","onDelete":"CASCADE"}],"columns":[{"name":"id","type":"increments","args":[{"primary":true,"primaryKey":true}],"defaultTo":null,"notNullable":true,"unsigned":false},{"name":"file_id","type":"integer","args":[],"defaultTo":null,"notNullable":false,"unsigned":true},{"name":"folder_id","type":"integer","args":[],"defaultTo":null,"notNullable":false,"unsigned":true},{"name":"file_order","type":"double","args":[],"defaultTo":null,"notNullable":false,"unsigned":true}]},{"name":"upload_folders_parent_links","indexes":[{"name":"upload_folders_parent_links_fk","columns":["folder_id"]},{"name":"upload_folders_parent_links_inv_fk","columns":["inv_folder_id"]},{"name":"upload_folders_parent_links_unique","columns":["folder_id","inv_folder_id"],"type":"unique"},{"name":"upload_folders_parent_links_order_inv_fk","columns":["folder_order"]}],"foreignKeys":[{"name":"upload_folders_parent_links_fk","columns":["folder_id"],"referencedColumns":["id"],"referencedTable":"upload_folders","onDelete":"CASCADE"},{"name":"upload_folders_parent_links_inv_fk","columns":["inv_folder_id"],"referencedColumns":["id"],"referencedTable":"upload_folders","onDelete":"CASCADE"}],"columns":[{"name":"id","type":"increments","args":[{"primary":true,"primaryKey":true}],"defaultTo":null,"notNullable":true,"unsigned":false},{"name":"folder_id","type":"integer","args":[],"defaultTo":null,"notNullable":false,"unsigned":true},{"name":"inv_folder_id","type":"integer","args":[],"defaultTo":null,"notNullable":false,"unsigned":true},{"name":"folder_order","type":"double","args":[],"defaultTo":null,"notNullable":false,"unsigned":true}]},{"name":"strapi_release_actions_release_links","indexes":[{"name":"strapi_release_actions_release_links_fk","columns":["release_action_id"]},{"name":"strapi_release_actions_release_links_inv_fk","columns":["release_id"]},{"name":"strapi_release_actions_release_links_unique","columns":["release_action_id","release_id"],"type":"unique"},{"name":"strapi_release_actions_release_links_order_inv_fk","columns":["release_action_order"]}],"foreignKeys":[{"name":"strapi_release_actions_release_links_fk","columns":["release_action_id"],"referencedColumns":["id"],"referencedTable":"strapi_release_actions","onDelete":"CASCADE"},{"name":"strapi_release_actions_release_links_inv_fk","columns":["release_id"],"referencedColumns":["id"],"referencedTable":"strapi_releases","onDelete":"CASCADE"}],"columns":[{"name":"id","type":"increments","args":[{"primary":true,"primaryKey":true}],"defaultTo":null,"notNullable":true,"unsigned":false},{"name":"release_action_id","type":"integer","args":[],"defaultTo":null,"notNullable":false,"unsigned":true},{"name":"release_id","type":"integer","args":[],"defaultTo":null,"notNullable":false,"unsigned":true},{"name":"release_action_order","type":"double","args":[],"defaultTo":null,"notNullable":false,"unsigned":true}]},{"name":"up_permissions_role_links","indexes":[{"name":"up_permissions_role_links_fk","columns":["permission_id"]},{"name":"up_permissions_role_links_inv_fk","columns":["role_id"]},{"name":"up_permissions_role_links_unique","columns":["permission_id","role_id"],"type":"unique"},{"name":"up_permissions_role_links_order_inv_fk","columns":["permission_order"]}],"foreignKeys":[{"name":"up_permissions_role_links_fk","columns":["permission_id"],"referencedColumns":["id"],"referencedTable":"up_permissions","onDelete":"CASCADE"},{"name":"up_permissions_role_links_inv_fk","columns":["role_id"],"referencedColumns":["id"],"referencedTable":"up_roles","onDelete":"CASCADE"}],"columns":[{"name":"id","type":"increments","args":[{"primary":true,"primaryKey":true}],"defaultTo":null,"notNullable":true,"unsigned":false},{"name":"permission_id","type":"integer","args":[],"defaultTo":null,"notNullable":false,"unsigned":true},{"name":"role_id","type":"integer","args":[],"defaultTo":null,"notNullable":false,"unsigned":true},{"name":"permission_order","type":"double","args":[],"defaultTo":null,"notNullable":false,"unsigned":true}]},{"name":"up_users_role_links","indexes":[{"name":"up_users_role_links_fk","columns":["user_id"]},{"name":"up_users_role_links_inv_fk","columns":["role_id"]},{"name":"up_users_role_links_unique","columns":["user_id","role_id"],"type":"unique"},{"name":"up_users_role_links_order_inv_fk","columns":["user_order"]}],"foreignKeys":[{"name":"up_users_role_links_fk","columns":["user_id"],"referencedColumns":["id"],"referencedTable":"up_users","onDelete":"CASCADE"},{"name":"up_users_role_links_inv_fk","columns":["role_id"],"referencedColumns":["id"],"referencedTable":"up_roles","onDelete":"CASCADE"}],"columns":[{"name":"id","type":"increments","args":[{"primary":true,"primaryKey":true}],"defaultTo":null,"notNullable":true,"unsigned":false},{"name":"user_id","type":"integer","args":[],"defaultTo":null,"notNullable":false,"unsigned":true},{"name":"role_id","type":"integer","args":[],"defaultTo":null,"notNullable":false,"unsigned":true},{"name":"user_order","type":"double","args":[],"defaultTo":null,"notNullable":false,"unsigned":true}]},{"name":"background_music_tracks_uploaded_by_links","indexes":[{"name":"background_music_tracks_uploaded_by_links_fk","columns":["background_music_id"]},{"name":"background_music_tracks_uploaded_by_links_inv_fk","columns":["admin_user_id"]},{"name":"background_music_tracks_uploaded_by_links_unique","columns":["background_music_id","admin_user_id"],"type":"unique"}],"foreignKeys":[{"name":"background_music_tracks_uploaded_by_links_fk","columns":["background_music_id"],"referencedColumns":["id"],"referencedTable":"background_music_tracks","onDelete":"CASCADE"},{"name":"background_music_tracks_uploaded_by_links_inv_fk","columns":["admin_user_id"],"referencedColumns":["id"],"referencedTable":"admin_user_profiles","onDelete":"CASCADE"}],"columns":[{"name":"id","type":"increments","args":[{"primary":true,"primaryKey":true}],"defaultTo":null,"notNullable":true,"unsigned":false},{"name":"background_music_id","type":"integer","args":[],"defaultTo":null,"notNullable":false,"unsigned":true},{"name":"admin_user_id","type":"integer","args":[],"defaultTo":null,"notNullable":false,"unsigned":true}]},{"name":"categories_game_links","indexes":[{"name":"categories_game_links_fk","columns":["category_id"]},{"name":"categories_game_links_inv_fk","columns":["game_id"]},{"name":"categories_game_links_unique","columns":["category_id","game_id"],"type":"unique"},{"name":"categories_game_links_order_inv_fk","columns":["category_order"]}],"foreignKeys":[{"name":"categories_game_links_fk","columns":["category_id"],"referencedColumns":["id"],"referencedTable":"categories","onDelete":"CASCADE"},{"name":"categories_game_links_inv_fk","columns":["game_id"],"referencedColumns":["id"],"referencedTable":"games","onDelete":"CASCADE"}],"columns":[{"name":"id","type":"increments","args":[{"primary":true,"primaryKey":true}],"defaultTo":null,"notNullable":true,"unsigned":false},{"name":"category_id","type":"integer","args":[],"defaultTo":null,"notNullable":false,"unsigned":true},{"name":"game_id","type":"integer","args":[],"defaultTo":null,"notNullable":false,"unsigned":true},{"name":"category_order","type":"double","args":[],"defaultTo":null,"notNullable":false,"unsigned":true}]},{"name":"questions_category_links","indexes":[{"name":"questions_category_links_fk","columns":["question_id"]},{"name":"questions_category_links_inv_fk","columns":["category_id"]},{"name":"questions_category_links_unique","columns":["question_id","category_id"],"type":"unique"},{"name":"questions_category_links_order_inv_fk","columns":["question_order"]}],"foreignKeys":[{"name":"questions_category_links_fk","columns":["question_id"],"referencedColumns":["id"],"referencedTable":"questions","onDelete":"CASCADE"},{"name":"questions_category_links_inv_fk","columns":["category_id"],"referencedColumns":["id"],"referencedTable":"categories","onDelete":"CASCADE"}],"columns":[{"name":"id","type":"increments","args":[{"primary":true,"primaryKey":true}],"defaultTo":null,"notNullable":true,"unsigned":false},{"name":"question_id","type":"integer","args":[],"defaultTo":null,"notNullable":false,"unsigned":true},{"name":"category_id","type":"integer","args":[],"defaultTo":null,"notNullable":false,"unsigned":true},{"name":"question_order","type":"double","args":[],"defaultTo":null,"notNullable":false,"unsigned":true}]},{"name":"questions_game_links","indexes":[{"name":"questions_game_links_fk","columns":["question_id"]},{"name":"questions_game_links_inv_fk","columns":["game_id"]},{"name":"questions_game_links_unique","columns":["question_id","game_id"],"type":"unique"},{"name":"questions_game_links_order_inv_fk","columns":["question_order"]}],"foreignKeys":[{"name":"questions_game_links_fk","columns":["question_id"],"referencedColumns":["id"],"referencedTable":"questions","onDelete":"CASCADE"},{"name":"questions_game_links_inv_fk","columns":["game_id"],"referencedColumns":["id"],"referencedTable":"games","onDelete":"CASCADE"}],"columns":[{"name":"id","type":"increments","args":[{"primary":true,"primaryKey":true}],"defaultTo":null,"notNullable":true,"unsigned":false},{"name":"question_id","type":"integer","args":[],"defaultTo":null,"notNullable":false,"unsigned":true},{"name":"game_id","type":"integer","args":[],"defaultTo":null,"notNullable":false,"unsigned":true},{"name":"question_order","type":"double","args":[],"defaultTo":null,"notNullable":false,"unsigned":true}]},{"name":"game_users_components","indexes":[{"name":"game_users_field_index","columns":["field"]},{"name":"game_users_component_type_index","columns":["component_type"]},{"name":"game_users_entity_fk","columns":["entity_id"]},{"name":"game_users_unique","columns":["entity_id","component_id","field","component_type"],"type":"unique"}],"foreignKeys":[{"name":"game_users_entity_fk","columns":["entity_id"],"referencedColumns":["id"],"referencedTable":"game_users","onDelete":"CASCADE"}],"columns":[{"name":"id","type":"increments","args":[{"primary":true,"primaryKey":true}],"defaultTo":null,"notNullable":true,"unsigned":false},{"name":"entity_id","type":"integer","args":[],"defaultTo":null,"notNullable":false,"unsigned":true},{"name":"component_id","type":"integer","args":[],"defaultTo":null,"notNullable":false,"unsigned":true},{"name":"component_type","type":"string","args":[],"defaultTo":null,"notNullable":false,"unsigned":false},{"name":"field","type":"string","args":[],"defaultTo":null,"notNullable":false,"unsigned":false},{"name":"order","type":"double","args":[],"defaultTo":null,"notNullable":false,"unsigned":true}]},{"name":"user_music_tracks_user_links","indexes":[{"name":"user_music_tracks_user_links_fk","columns":["user_music_id"]},{"name":"user_music_tracks_user_links_inv_fk","columns":["user_id"]},{"name":"user_music_tracks_user_links_unique","columns":["user_music_id","user_id"],"type":"unique"}],"foreignKeys":[{"name":"user_music_tracks_user_links_fk","columns":["user_music_id"],"referencedColumns":["id"],"referencedTable":"user_music_tracks","onDelete":"CASCADE"},{"name":"user_music_tracks_user_links_inv_fk","columns":["user_id"],"referencedColumns":["id"],"referencedTable":"up_users","onDelete":"CASCADE"}],"columns":[{"name":"id","type":"increments","args":[{"primary":true,"primaryKey":true}],"defaultTo":null,"notNullable":true,"unsigned":false},{"name":"user_music_id","type":"integer","args":[],"defaultTo":null,"notNullable":false,"unsigned":true},{"name":"user_id","type":"integer","args":[],"defaultTo":null,"notNullable":false,"unsigned":true}]}]}',1748987908724,'a207bca317cfe41b89169431a4ca85c8');
CREATE TABLE `strapi_core_store_settings` (`id` integer not null primary key autoincrement, `key` varchar(255) null, `value` text null, `type` varchar(255) null, `environment` varchar(255) null, `tag` varchar(255) null);
INSERT INTO strapi_core_store_settings VALUES(1,'strapi_content_types_schema','{"admin::permission":{"collectionName":"admin_permissions","info":{"name":"Permission","description":"","singularName":"permission","pluralName":"permissions","displayName":"Permission"},"options":{},"pluginOptions":{"content-manager":{"visible":false},"content-type-builder":{"visible":false}},"attributes":{"action":{"type":"string","minLength":1,"configurable":false,"required":true},"actionParameters":{"type":"json","configurable":false,"required":false,"default":{}},"subject":{"type":"string","minLength":1,"configurable":false,"required":false},"properties":{"type":"json","configurable":false,"required":false,"default":{}},"conditions":{"type":"json","configurable":false,"required":false,"default":[]},"role":{"configurable":false,"type":"relation","relation":"manyToOne","inversedBy":"permissions","target":"admin::role"},"createdAt":{"type":"datetime"},"updatedAt":{"type":"datetime"},"createdBy":{"type":"relation","relation":"oneToOne","target":"admin::user","configurable":false,"writable":false,"visible":false,"useJoinTable":false,"private":true},"updatedBy":{"type":"relation","relation":"oneToOne","target":"admin::user","configurable":false,"writable":false,"visible":false,"useJoinTable":false,"private":true}},"kind":"collectionType","__schema__":{"collectionName":"admin_permissions","info":{"name":"Permission","description":"","singularName":"permission","pluralName":"permissions","displayName":"Permission"},"options":{},"pluginOptions":{"content-manager":{"visible":false},"content-type-builder":{"visible":false}},"attributes":{"action":{"type":"string","minLength":1,"configurable":false,"required":true},"actionParameters":{"type":"json","configurable":false,"required":false,"default":{}},"subject":{"type":"string","minLength":1,"configurable":false,"required":false},"properties":{"type":"json","configurable":false,"required":false,"default":{}},"conditions":{"type":"json","configurable":false,"required":false,"default":[]},"role":{"configurable":false,"type":"relation","relation":"manyToOne","inversedBy":"permissions","target":"admin::role"}},"kind":"collectionType"},"modelType":"contentType","modelName":"permission","connection":"default","uid":"admin::permission","plugin":"admin","globalId":"AdminPermission"},"admin::user":{"collectionName":"admin_users","info":{"name":"User","description":"","singularName":"user","pluralName":"users","displayName":"User"},"pluginOptions":{"content-manager":{"visible":false},"content-type-builder":{"visible":false}},"attributes":{"firstname":{"type":"string","unique":false,"minLength":1,"configurable":false,"required":false},"lastname":{"type":"string","unique":false,"minLength":1,"configurable":false,"required":false},"username":{"type":"string","unique":false,"configurable":false,"required":false},"email":{"type":"email","minLength":6,"configurable":false,"required":true,"unique":true,"private":true},"password":{"type":"password","minLength":6,"configurable":false,"required":false,"private":true,"searchable":false},"resetPasswordToken":{"type":"string","configurable":false,"private":true,"searchable":false},"registrationToken":{"type":"string","configurable":false,"private":true,"searchable":false},"isActive":{"type":"boolean","default":false,"configurable":false,"private":true},"roles":{"configurable":false,"private":true,"type":"relation","relation":"manyToMany","inversedBy":"users","target":"admin::role","collectionName":"strapi_users_roles"},"blocked":{"type":"boolean","default":false,"configurable":false,"private":true},"preferedLanguage":{"type":"string","configurable":false,"required":false,"searchable":false},"createdAt":{"type":"datetime"},"updatedAt":{"type":"datetime"},"createdBy":{"type":"relation","relation":"oneToOne","target":"admin::user","configurable":false,"writable":false,"visible":false,"useJoinTable":false,"private":true},"updatedBy":{"type":"relation","relation":"oneToOne","target":"admin::user","configurable":false,"writable":false,"visible":false,"useJoinTable":false,"private":true}},"config":{"attributes":{"resetPasswordToken":{"hidden":true},"registrationToken":{"hidden":true}}},"kind":"collectionType","__schema__":{"collectionName":"admin_users","info":{"name":"User","description":"","singularName":"user","pluralName":"users","displayName":"User"},"pluginOptions":{"content-manager":{"visible":false},"content-type-builder":{"visible":false}},"attributes":{"firstname":{"type":"string","unique":false,"minLength":1,"configurable":false,"required":false},"lastname":{"type":"string","unique":false,"minLength":1,"configurable":false,"required":false},"username":{"type":"string","unique":false,"configurable":false,"required":false},"email":{"type":"email","minLength":6,"configurable":false,"required":true,"unique":true,"private":true},"password":{"type":"password","minLength":6,"configurable":false,"required":false,"private":true,"searchable":false},"resetPasswordToken":{"type":"string","configurable":false,"private":true,"searchable":false},"registrationToken":{"type":"string","configurable":false,"private":true,"searchable":false},"isActive":{"type":"boolean","default":false,"configurable":false,"private":true},"roles":{"configurable":false,"private":true,"type":"relation","relation":"manyToMany","inversedBy":"users","target":"admin::role","collectionName":"strapi_users_roles"},"blocked":{"type":"boolean","default":false,"configurable":false,"private":true},"preferedLanguage":{"type":"string","configurable":false,"required":false,"searchable":false}},"kind":"collectionType"},"modelType":"contentType","modelName":"user","connection":"default","uid":"admin::user","plugin":"admin","globalId":"AdminUser"},"admin::role":{"collectionName":"admin_roles","info":{"name":"Role","description":"","singularName":"role","pluralName":"roles","displayName":"Role"},"options":{},"pluginOptions":{"content-manager":{"visible":false},"content-type-builder":{"visible":false}},"attributes":{"name":{"type":"string","minLength":1,"unique":true,"configurable":false,"required":true},"code":{"type":"string","minLength":1,"unique":true,"configurable":false,"required":true},"description":{"type":"string","configurable":false},"users":{"configurable":false,"type":"relation","relation":"manyToMany","mappedBy":"roles","target":"admin::user"},"permissions":{"configurable":false,"type":"relation","relation":"oneToMany","mappedBy":"role","target":"admin::permission"},"createdAt":{"type":"datetime"},"updatedAt":{"type":"datetime"},"createdBy":{"type":"relation","relation":"oneToOne","target":"admin::user","configurable":false,"writable":false,"visible":false,"useJoinTable":false,"private":true},"updatedBy":{"type":"relation","relation":"oneToOne","target":"admin::user","configurable":false,"writable":false,"visible":false,"useJoinTable":false,"private":true}},"kind":"collectionType","__schema__":{"collectionName":"admin_roles","info":{"name":"Role","description":"","singularName":"role","pluralName":"roles","displayName":"Role"},"options":{},"pluginOptions":{"content-manager":{"visible":false},"content-type-builder":{"visible":false}},"attributes":{"name":{"type":"string","minLength":1,"unique":true,"configurable":false,"required":true},"code":{"type":"string","minLength":1,"unique":true,"configurable":false,"required":true},"description":{"type":"string","configurable":false},"users":{"configurable":false,"type":"relation","relation":"manyToMany","mappedBy":"roles","target":"admin::user"},"permissions":{"configurable":false,"type":"relation","relation":"oneToMany","mappedBy":"role","target":"admin::permission"}},"kind":"collectionType"},"modelType":"contentType","modelName":"role","connection":"default","uid":"admin::role","plugin":"admin","globalId":"AdminRole"},"admin::api-token":{"collectionName":"strapi_api_tokens","info":{"name":"Api Token","singularName":"api-token","pluralName":"api-tokens","displayName":"Api Token","description":""},"options":{},"pluginOptions":{"content-manager":{"visible":false},"content-type-builder":{"visible":false}},"attributes":{"name":{"type":"string","minLength":1,"configurable":false,"required":true,"unique":true},"description":{"type":"string","minLength":1,"configurable":false,"required":false,"default":""},"type":{"type":"enumeration","enum":["read-only","full-access","custom"],"configurable":false,"required":true,"default":"read-only"},"accessKey":{"type":"string","minLength":1,"configurable":false,"required":true,"searchable":false},"lastUsedAt":{"type":"datetime","configurable":false,"required":false},"permissions":{"type":"relation","target":"admin::api-token-permission","relation":"oneToMany","mappedBy":"token","configurable":false,"required":false},"expiresAt":{"type":"datetime","configurable":false,"required":false},"lifespan":{"type":"biginteger","configurable":false,"required":false},"createdAt":{"type":"datetime"},"updatedAt":{"type":"datetime"},"createdBy":{"type":"relation","relation":"oneToOne","target":"admin::user","configurable":false,"writable":false,"visible":false,"useJoinTable":false,"private":true},"updatedBy":{"type":"relation","relation":"oneToOne","target":"admin::user","configurable":false,"writable":false,"visible":false,"useJoinTable":false,"private":true}},"kind":"collectionType","__schema__":{"collectionName":"strapi_api_tokens","info":{"name":"Api Token","singularName":"api-token","pluralName":"api-tokens","displayName":"Api Token","description":""},"options":{},"pluginOptions":{"content-manager":{"visible":false},"content-type-builder":{"visible":false}},"attributes":{"name":{"type":"string","minLength":1,"configurable":false,"required":true,"unique":true},"description":{"type":"string","minLength":1,"configurable":false,"required":false,"default":""},"type":{"type":"enumeration","enum":["read-only","full-access","custom"],"configurable":false,"required":true,"default":"read-only"},"accessKey":{"type":"string","minLength":1,"configurable":false,"required":true,"searchable":false},"lastUsedAt":{"type":"datetime","configurable":false,"required":false},"permissions":{"type":"relation","target":"admin::api-token-permission","relation":"oneToMany","mappedBy":"token","configurable":false,"required":false},"expiresAt":{"type":"datetime","configurable":false,"required":false},"lifespan":{"type":"biginteger","configurable":false,"required":false}},"kind":"collectionType"},"modelType":"contentType","modelName":"api-token","connection":"default","uid":"admin::api-token","plugin":"admin","globalId":"AdminApiToken"},"admin::api-token-permission":{"collectionName":"strapi_api_token_permissions","info":{"name":"API Token Permission","description":"","singularName":"api-token-permission","pluralName":"api-token-permissions","displayName":"API Token Permission"},"options":{},"pluginOptions":{"content-manager":{"visible":false},"content-type-builder":{"visible":false}},"attributes":{"action":{"type":"string","minLength":1,"configurable":false,"required":true},"token":{"configurable":false,"type":"relation","relation":"manyToOne","inversedBy":"permissions","target":"admin::api-token"},"createdAt":{"type":"datetime"},"updatedAt":{"type":"datetime"},"createdBy":{"type":"relation","relation":"oneToOne","target":"admin::user","configurable":false,"writable":false,"visible":false,"useJoinTable":false,"private":true},"updatedBy":{"type":"relation","relation":"oneToOne","target":"admin::user","configurable":false,"writable":false,"visible":false,"useJoinTable":false,"private":true}},"kind":"collectionType","__schema__":{"collectionName":"strapi_api_token_permissions","info":{"name":"API Token Permission","description":"","singularName":"api-token-permission","pluralName":"api-token-permissions","displayName":"API Token Permission"},"options":{},"pluginOptions":{"content-manager":{"visible":false},"content-type-builder":{"visible":false}},"attributes":{"action":{"type":"string","minLength":1,"configurable":false,"required":true},"token":{"configurable":false,"type":"relation","relation":"manyToOne","inversedBy":"permissions","target":"admin::api-token"}},"kind":"collectionType"},"modelType":"contentType","modelName":"api-token-permission","connection":"default","uid":"admin::api-token-permission","plugin":"admin","globalId":"AdminApiTokenPermission"},"admin::transfer-token":{"collectionName":"strapi_transfer_tokens","info":{"name":"Transfer Token","singularName":"transfer-token","pluralName":"transfer-tokens","displayName":"Transfer Token","description":""},"options":{},"pluginOptions":{"content-manager":{"visible":false},"content-type-builder":{"visible":false}},"attributes":{"name":{"type":"string","minLength":1,"configurable":false,"required":true,"unique":true},"description":{"type":"string","minLength":1,"configurable":false,"required":false,"default":""},"accessKey":{"type":"string","minLength":1,"configurable":false,"required":true},"lastUsedAt":{"type":"datetime","configurable":false,"required":false},"permissions":{"type":"relation","target":"admin::transfer-token-permission","relation":"oneToMany","mappedBy":"token","configurable":false,"required":false},"expiresAt":{"type":"datetime","configurable":false,"required":false},"lifespan":{"type":"biginteger","configurable":false,"required":false},"createdAt":{"type":"datetime"},"updatedAt":{"type":"datetime"},"createdBy":{"type":"relation","relation":"oneToOne","target":"admin::user","configurable":false,"writable":false,"visible":false,"useJoinTable":false,"private":true},"updatedBy":{"type":"relation","relation":"oneToOne","target":"admin::user","configurable":false,"writable":false,"visible":false,"useJoinTable":false,"private":true}},"kind":"collectionType","__schema__":{"collectionName":"strapi_transfer_tokens","info":{"name":"Transfer Token","singularName":"transfer-token","pluralName":"transfer-tokens","displayName":"Transfer Token","description":""},"options":{},"pluginOptions":{"content-manager":{"visible":false},"content-type-builder":{"visible":false}},"attributes":{"name":{"type":"string","minLength":1,"configurable":false,"required":true,"unique":true},"description":{"type":"string","minLength":1,"configurable":false,"required":false,"default":""},"accessKey":{"type":"string","minLength":1,"configurable":false,"required":true},"lastUsedAt":{"type":"datetime","configurable":false,"required":false},"permissions":{"type":"relation","target":"admin::transfer-token-permission","relation":"oneToMany","mappedBy":"token","configurable":false,"required":false},"expiresAt":{"type":"datetime","configurable":false,"required":false},"lifespan":{"type":"biginteger","configurable":false,"required":false}},"kind":"collectionType"},"modelType":"contentType","modelName":"transfer-token","connection":"default","uid":"admin::transfer-token","plugin":"admin","globalId":"AdminTransferToken"},"admin::transfer-token-permission":{"collectionName":"strapi_transfer_token_permissions","info":{"name":"Transfer Token Permission","description":"","singularName":"transfer-token-permission","pluralName":"transfer-token-permissions","displayName":"Transfer Token Permission"},"options":{},"pluginOptions":{"content-manager":{"visible":false},"content-type-builder":{"visible":false}},"attributes":{"action":{"type":"string","minLength":1,"configurable":false,"required":true},"token":{"configurable":false,"type":"relation","relation":"manyToOne","inversedBy":"permissions","target":"admin::transfer-token"},"createdAt":{"type":"datetime"},"updatedAt":{"type":"datetime"},"createdBy":{"type":"relation","relation":"oneToOne","target":"admin::user","configurable":false,"writable":false,"visible":false,"useJoinTable":false,"private":true},"updatedBy":{"type":"relation","relation":"oneToOne","target":"admin::user","configurable":false,"writable":false,"visible":false,"useJoinTable":false,"private":true}},"kind":"collectionType","__schema__":{"collectionName":"strapi_transfer_token_permissions","info":{"name":"Transfer Token Permission","description":"","singularName":"transfer-token-permission","pluralName":"transfer-token-permissions","displayName":"Transfer Token Permission"},"options":{},"pluginOptions":{"content-manager":{"visible":false},"content-type-builder":{"visible":false}},"attributes":{"action":{"type":"string","minLength":1,"configurable":false,"required":true},"token":{"configurable":false,"type":"relation","relation":"manyToOne","inversedBy":"permissions","target":"admin::transfer-token"}},"kind":"collectionType"},"modelType":"contentType","modelName":"transfer-token-permission","connection":"default","uid":"admin::transfer-token-permission","plugin":"admin","globalId":"AdminTransferTokenPermission"},"plugin::upload.file":{"collectionName":"files","info":{"singularName":"file","pluralName":"files","displayName":"File","description":""},"options":{},"pluginOptions":{"content-manager":{"visible":false},"content-type-builder":{"visible":false}},"attributes":{"name":{"type":"string","configurable":false,"required":true},"alternativeText":{"type":"string","configurable":false},"caption":{"type":"string","configurable":false},"width":{"type":"integer","configurable":false},"height":{"type":"integer","configurable":false},"formats":{"type":"json","configurable":false},"hash":{"type":"string","configurable":false,"required":true},"ext":{"type":"string","configurable":false},"mime":{"type":"string","configurable":false,"required":true},"size":{"type":"decimal","configurable":false,"required":true},"url":{"type":"string","configurable":false,"required":true},"previewUrl":{"type":"string","configurable":false},"provider":{"type":"string","configurable":false,"required":true},"provider_metadata":{"type":"json","configurable":false},"related":{"type":"relation","relation":"morphToMany","configurable":false},"folder":{"type":"relation","relation":"manyToOne","target":"plugin::upload.folder","inversedBy":"files","private":true},"folderPath":{"type":"string","min":1,"required":true,"private":true,"searchable":false},"createdAt":{"type":"datetime"},"updatedAt":{"type":"datetime"},"createdBy":{"type":"relation","relation":"oneToOne","target":"admin::user","configurable":false,"writable":false,"visible":false,"useJoinTable":false,"private":true},"updatedBy":{"type":"relation","relation":"oneToOne","target":"admin::user","configurable":false,"writable":false,"visible":false,"useJoinTable":false,"private":true}},"indexes":[{"name":"upload_files_folder_path_index","columns":["folder_path"],"type":null},{"name":"upload_files_created_at_index","columns":["created_at"],"type":null},{"name":"upload_files_updated_at_index","columns":["updated_at"],"type":null},{"name":"upload_files_name_index","columns":["name"],"type":null},{"name":"upload_files_size_index","columns":["size"],"type":null},{"name":"upload_files_ext_index","columns":["ext"],"type":null}],"kind":"collectionType","__schema__":{"collectionName":"files","info":{"singularName":"file","pluralName":"files","displayName":"File","description":""},"options":{},"pluginOptions":{"content-manager":{"visible":false},"content-type-builder":{"visible":false}},"attributes":{"name":{"type":"string","configurable":false,"required":true},"alternativeText":{"type":"string","configurable":false},"caption":{"type":"string","configurable":false},"width":{"type":"integer","configurable":false},"height":{"type":"integer","configurable":false},"formats":{"type":"json","configurable":false},"hash":{"type":"string","configurable":false,"required":true},"ext":{"type":"string","configurable":false},"mime":{"type":"string","configurable":false,"required":true},"size":{"type":"decimal","configurable":false,"required":true},"url":{"type":"string","configurable":false,"required":true},"previewUrl":{"type":"string","configurable":false},"provider":{"type":"string","configurable":false,"required":true},"provider_metadata":{"type":"json","configurable":false},"related":{"type":"relation","relation":"morphToMany","configurable":false},"folder":{"type":"relation","relation":"manyToOne","target":"plugin::upload.folder","inversedBy":"files","private":true},"folderPath":{"type":"string","min":1,"required":true,"private":true,"searchable":false}},"kind":"collectionType"},"modelType":"contentType","modelName":"file","connection":"default","uid":"plugin::upload.file","plugin":"upload","globalId":"UploadFile"},"plugin::upload.folder":{"collectionName":"upload_folders","info":{"singularName":"folder","pluralName":"folders","displayName":"Folder"},"options":{},"pluginOptions":{"content-manager":{"visible":false},"content-type-builder":{"visible":false}},"attributes":{"name":{"type":"string","min":1,"required":true},"pathId":{"type":"integer","unique":true,"required":true},"parent":{"type":"relation","relation":"manyToOne","target":"plugin::upload.folder","inversedBy":"children"},"children":{"type":"relation","relation":"oneToMany","target":"plugin::upload.folder","mappedBy":"parent"},"files":{"type":"relation","relation":"oneToMany","target":"plugin::upload.file","mappedBy":"folder"},"path":{"type":"string","min":1,"required":true},"createdAt":{"type":"datetime"},"updatedAt":{"type":"datetime"},"createdBy":{"type":"relation","relation":"oneToOne","target":"admin::user","configurable":false,"writable":false,"visible":false,"useJoinTable":false,"private":true},"updatedBy":{"type":"relation","relation":"oneToOne","target":"admin::user","configurable":false,"writable":false,"visible":false,"useJoinTable":false,"private":true}},"indexes":[{"name":"upload_folders_path_id_index","columns":["path_id"],"type":"unique"},{"name":"upload_folders_path_index","columns":["path"],"type":"unique"}],"kind":"collectionType","__schema__":{"collectionName":"upload_folders","info":{"singularName":"folder","pluralName":"folders","displayName":"Folder"},"options":{},"pluginOptions":{"content-manager":{"visible":false},"content-type-builder":{"visible":false}},"attributes":{"name":{"type":"string","min":1,"required":true},"pathId":{"type":"integer","unique":true,"required":true},"parent":{"type":"relation","relation":"manyToOne","target":"plugin::upload.folder","inversedBy":"children"},"children":{"type":"relation","relation":"oneToMany","target":"plugin::upload.folder","mappedBy":"parent"},"files":{"type":"relation","relation":"oneToMany","target":"plugin::upload.file","mappedBy":"folder"},"path":{"type":"string","min":1,"required":true}},"kind":"collectionType"},"modelType":"contentType","modelName":"folder","connection":"default","uid":"plugin::upload.folder","plugin":"upload","globalId":"UploadFolder"},"plugin::content-releases.release":{"collectionName":"strapi_releases","info":{"singularName":"release","pluralName":"releases","displayName":"Release"},"options":{"draftAndPublish":false},"pluginOptions":{"content-manager":{"visible":false},"content-type-builder":{"visible":false}},"attributes":{"name":{"type":"string","required":true},"releasedAt":{"type":"datetime"},"scheduledAt":{"type":"datetime"},"timezone":{"type":"string"},"status":{"type":"enumeration","enum":["ready","blocked","failed","done","empty"],"required":true},"actions":{"type":"relation","relation":"oneToMany","target":"plugin::content-releases.release-action","mappedBy":"release"},"createdAt":{"type":"datetime"},"updatedAt":{"type":"datetime"},"createdBy":{"type":"relation","relation":"oneToOne","target":"admin::user","configurable":false,"writable":false,"visible":false,"useJoinTable":false,"private":true},"updatedBy":{"type":"relation","relation":"oneToOne","target":"admin::user","configurable":false,"writable":false,"visible":false,"useJoinTable":false,"private":true}},"kind":"collectionType","__schema__":{"collectionName":"strapi_releases","info":{"singularName":"release","pluralName":"releases","displayName":"Release"},"options":{"draftAndPublish":false},"pluginOptions":{"content-manager":{"visible":false},"content-type-builder":{"visible":false}},"attributes":{"name":{"type":"string","required":true},"releasedAt":{"type":"datetime"},"scheduledAt":{"type":"datetime"},"timezone":{"type":"string"},"status":{"type":"enumeration","enum":["ready","blocked","failed","done","empty"],"required":true},"actions":{"type":"relation","relation":"oneToMany","target":"plugin::content-releases.release-action","mappedBy":"release"}},"kind":"collectionType"},"modelType":"contentType","modelName":"release","connection":"default","uid":"plugin::content-releases.release","plugin":"content-releases","globalId":"ContentReleasesRelease"},"plugin::content-releases.release-action":{"collectionName":"strapi_release_actions","info":{"singularName":"release-action","pluralName":"release-actions","displayName":"Release Action"},"options":{"draftAndPublish":false},"pluginOptions":{"content-manager":{"visible":false},"content-type-builder":{"visible":false}},"attributes":{"type":{"type":"enumeration","enum":["publish","unpublish"],"required":true},"entry":{"type":"relation","relation":"morphToOne","configurable":false},"contentType":{"type":"string","required":true},"locale":{"type":"string"},"release":{"type":"relation","relation":"manyToOne","target":"plugin::content-releases.release","inversedBy":"actions"},"isEntryValid":{"type":"boolean"},"createdAt":{"type":"datetime"},"updatedAt":{"type":"datetime"},"createdBy":{"type":"relation","relation":"oneToOne","target":"admin::user","configurable":false,"writable":false,"visible":false,"useJoinTable":false,"private":true},"updatedBy":{"type":"relation","relation":"oneToOne","target":"admin::user","configurable":false,"writable":false,"visible":false,"useJoinTable":false,"private":true}},"kind":"collectionType","__schema__":{"collectionName":"strapi_release_actions","info":{"singularName":"release-action","pluralName":"release-actions","displayName":"Release Action"},"options":{"draftAndPublish":false},"pluginOptions":{"content-manager":{"visible":false},"content-type-builder":{"visible":false}},"attributes":{"type":{"type":"enumeration","enum":["publish","unpublish"],"required":true},"entry":{"type":"relation","relation":"morphToOne","configurable":false},"contentType":{"type":"string","required":true},"locale":{"type":"string"},"release":{"type":"relation","relation":"manyToOne","target":"plugin::content-releases.release","inversedBy":"actions"},"isEntryValid":{"type":"boolean"}},"kind":"collectionType"},"modelType":"contentType","modelName":"release-action","connection":"default","uid":"plugin::content-releases.release-action","plugin":"content-releases","globalId":"ContentReleasesReleaseAction"},"plugin::users-permissions.permission":{"collectionName":"up_permissions","info":{"name":"permission","description":"","singularName":"permission","pluralName":"permissions","displayName":"Permission"},"pluginOptions":{"content-manager":{"visible":false},"content-type-builder":{"visible":false}},"attributes":{"action":{"type":"string","required":true,"configurable":false},"role":{"type":"relation","relation":"manyToOne","target":"plugin::users-permissions.role","inversedBy":"permissions","configurable":false},"createdAt":{"type":"datetime"},"updatedAt":{"type":"datetime"},"createdBy":{"type":"relation","relation":"oneToOne","target":"admin::user","configurable":false,"writable":false,"visible":false,"useJoinTable":false,"private":true},"updatedBy":{"type":"relation","relation":"oneToOne","target":"admin::user","configurable":false,"writable":false,"visible":false,"useJoinTable":false,"private":true}},"kind":"collectionType","__schema__":{"collectionName":"up_permissions","info":{"name":"permission","description":"","singularName":"permission","pluralName":"permissions","displayName":"Permission"},"pluginOptions":{"content-manager":{"visible":false},"content-type-builder":{"visible":false}},"attributes":{"action":{"type":"string","required":true,"configurable":false},"role":{"type":"relation","relation":"manyToOne","target":"plugin::users-permissions.role","inversedBy":"permissions","configurable":false}},"kind":"collectionType"},"modelType":"contentType","modelName":"permission","connection":"default","uid":"plugin::users-permissions.permission","plugin":"users-permissions","globalId":"UsersPermissionsPermission"},"plugin::users-permissions.role":{"collectionName":"up_roles","info":{"name":"role","description":"","singularName":"role","pluralName":"roles","displayName":"Role"},"pluginOptions":{"content-manager":{"visible":false},"content-type-builder":{"visible":false}},"attributes":{"name":{"type":"string","minLength":3,"required":true,"configurable":false},"description":{"type":"string","configurable":false},"type":{"type":"string","unique":true,"configurable":false},"permissions":{"type":"relation","relation":"oneToMany","target":"plugin::users-permissions.permission","mappedBy":"role","configurable":false},"users":{"type":"relation","relation":"oneToMany","target":"plugin::users-permissions.user","mappedBy":"role","configurable":false},"createdAt":{"type":"datetime"},"updatedAt":{"type":"datetime"},"createdBy":{"type":"relation","relation":"oneToOne","target":"admin::user","configurable":false,"writable":false,"visible":false,"useJoinTable":false,"private":true},"updatedBy":{"type":"relation","relation":"oneToOne","target":"admin::user","configurable":false,"writable":false,"visible":false,"useJoinTable":false,"private":true}},"kind":"collectionType","__schema__":{"collectionName":"up_roles","info":{"name":"role","description":"","singularName":"role","pluralName":"roles","displayName":"Role"},"pluginOptions":{"content-manager":{"visible":false},"content-type-builder":{"visible":false}},"attributes":{"name":{"type":"string","minLength":3,"required":true,"configurable":false},"description":{"type":"string","configurable":false},"type":{"type":"string","unique":true,"configurable":false},"permissions":{"type":"relation","relation":"oneToMany","target":"plugin::users-permissions.permission","mappedBy":"role","configurable":false},"users":{"type":"relation","relation":"oneToMany","target":"plugin::users-permissions.user","mappedBy":"role","configurable":false}},"kind":"collectionType"},"modelType":"contentType","modelName":"role","connection":"default","uid":"plugin::users-permissions.role","plugin":"users-permissions","globalId":"UsersPermissionsRole"},"plugin::users-permissions.user":{"collectionName":"up_users","info":{"name":"user","description":"","singularName":"user","pluralName":"users","displayName":"User"},"options":{"draftAndPublish":false},"attributes":{"username":{"type":"string","minLength":3,"unique":true,"configurable":false,"required":true},"email":{"type":"email","minLength":6,"configurable":false,"required":true},"provider":{"type":"string","configurable":false},"password":{"type":"password","minLength":6,"configurable":false,"private":true,"searchable":false},"resetPasswordToken":{"type":"string","configurable":false,"private":true,"searchable":false},"confirmationToken":{"type":"string","configurable":false,"private":true,"searchable":false},"confirmed":{"type":"boolean","default":false,"configurable":false},"blocked":{"type":"boolean","default":false,"configurable":false},"role":{"type":"relation","relation":"manyToOne","target":"plugin::users-permissions.role","inversedBy":"users","configurable":false},"subscriptionStatus":{"type":"enumeration","enum":["free","premium"],"default":"free","required":true},"premiumExpiry":{"type":"date"},"fullName":{"type":"string"},"phone":{"type":"string"},"address":{"type":"text"},"createdAt":{"type":"datetime"},"updatedAt":{"type":"datetime"},"createdBy":{"type":"relation","relation":"oneToOne","target":"admin::user","configurable":false,"writable":false,"visible":false,"useJoinTable":false,"private":true},"updatedBy":{"type":"relation","relation":"oneToOne","target":"admin::user","configurable":false,"writable":false,"visible":false,"useJoinTable":false,"private":true}},"config":{"attributes":{"resetPasswordToken":{"hidden":true},"confirmationToken":{"hidden":true},"provider":{"hidden":true}}},"kind":"collectionType","__filename__":"schema.json","__schema__":{"collectionName":"up_users","info":{"name":"user","description":"","singularName":"user","pluralName":"users","displayName":"User"},"options":{"draftAndPublish":false},"attributes":{"username":{"type":"string","minLength":3,"unique":true,"configurable":false,"required":true},"email":{"type":"email","minLength":6,"configurable":false,"required":true},"provider":{"type":"string","configurable":false},"password":{"type":"password","minLength":6,"configurable":false,"private":true,"searchable":false},"resetPasswordToken":{"type":"string","configurable":false,"private":true,"searchable":false},"confirmationToken":{"type":"string","configurable":false,"private":true,"searchable":false},"confirmed":{"type":"boolean","default":false,"configurable":false},"blocked":{"type":"boolean","default":false,"configurable":false},"role":{"type":"relation","relation":"manyToOne","target":"plugin::users-permissions.role","inversedBy":"users","configurable":false},"subscriptionStatus":{"type":"enumeration","enum":["free","premium"],"default":"free","required":true},"premiumExpiry":{"type":"date"},"fullName":{"type":"string"},"phone":{"type":"string"},"address":{"type":"text"}},"kind":"collectionType"},"modelType":"contentType","modelName":"user","connection":"default","uid":"plugin::users-permissions.user","plugin":"users-permissions","globalId":"UsersPermissionsUser"},"api::admin-user.admin-user":{"kind":"collectionType","collectionName":"admin_user_profiles","info":{"singularName":"admin-user","pluralName":"admin-users","displayName":"Admin User","description":"Admin user profiles with role-based permissions"},"options":{"draftAndPublish":false},"pluginOptions":{},"attributes":{"email":{"type":"email","required":true,"unique":true},"password":{"type":"text","required":true},"fullName":{"type":"string","required":true},"adminType":{"type":"enumeration","enum":["SA","DEV","SH","CT","CS"],"default":"CS","required":true},"badge":{"type":"string","required":true},"permissions":{"type":"json","description":"Role-based permissions matrix"},"isActive":{"type":"boolean","default":true},"lastLogin":{"type":"datetime"},"sessionToken":{"type":"text"},"profilePicture":{"type":"media","multiple":false,"allowedTypes":["images"]},"createdAt":{"type":"datetime"},"updatedAt":{"type":"datetime"},"createdBy":{"type":"relation","relation":"oneToOne","target":"admin::user","configurable":false,"writable":false,"visible":false,"useJoinTable":false,"private":true},"updatedBy":{"type":"relation","relation":"oneToOne","target":"admin::user","configurable":false,"writable":false,"visible":false,"useJoinTable":false,"private":true}},"__schema__":{"collectionName":"admin_user_profiles","info":{"singularName":"admin-user","pluralName":"admin-users","displayName":"Admin User","description":"Admin user profiles with role-based permissions"},"options":{"draftAndPublish":false},"pluginOptions":{},"attributes":{"email":{"type":"email","required":true,"unique":true},"password":{"type":"text","required":true},"fullName":{"type":"string","required":true},"adminType":{"type":"enumeration","enum":["SA","DEV","SH","CT","CS"],"default":"CS","required":true},"badge":{"type":"string","required":true},"permissions":{"type":"json","description":"Role-based permissions matrix"},"isActive":{"type":"boolean","default":true},"lastLogin":{"type":"datetime"},"sessionToken":{"type":"text"},"profilePicture":{"type":"media","multiple":false,"allowedTypes":["images"]}},"kind":"collectionType"},"modelType":"contentType","modelName":"admin-user","connection":"default","uid":"api::admin-user.admin-user","apiName":"admin-user","globalId":"AdminUser","actions":{},"lifecycles":{}},"api::background-music.background-music":{"kind":"collectionType","collectionName":"background_music_tracks","info":{"singularName":"background-music","pluralName":"background-musics","displayName":"Background Music","description":"Admin-uploaded background music tracks for rotation"},"options":{"draftAndPublish":true},"pluginOptions":{},"attributes":{"title":{"type":"string","required":true},"audioFile":{"type":"media","multiple":false,"required":true,"allowedTypes":["audio"]},"duration":{"type":"integer","description":"Duration in seconds"},"isActive":{"type":"boolean","default":true},"uploadedBy":{"type":"relation","relation":"manyToOne","target":"api::admin-user.admin-user"},"fileSize":{"type":"integer","description":"File size in bytes"},"sortOrder":{"type":"integer","default":0},"playCount":{"type":"integer","default":0},"createdAt":{"type":"datetime"},"updatedAt":{"type":"datetime"},"publishedAt":{"type":"datetime","configurable":false,"writable":true,"visible":false},"createdBy":{"type":"relation","relation":"oneToOne","target":"admin::user","configurable":false,"writable":false,"visible":false,"useJoinTable":false,"private":true},"updatedBy":{"type":"relation","relation":"oneToOne","target":"admin::user","configurable":false,"writable":false,"visible":false,"useJoinTable":false,"private":true}},"__schema__":{"collectionName":"background_music_tracks","info":{"singularName":"background-music","pluralName":"background-musics","displayName":"Background Music","description":"Admin-uploaded background music tracks for rotation"},"options":{"draftAndPublish":true},"pluginOptions":{},"attributes":{"title":{"type":"string","required":true},"audioFile":{"type":"media","multiple":false,"required":true,"allowedTypes":["audio"]},"duration":{"type":"integer","description":"Duration in seconds"},"isActive":{"type":"boolean","default":true},"uploadedBy":{"type":"relation","relation":"manyToOne","target":"api::admin-user.admin-user"},"fileSize":{"type":"integer","description":"File size in bytes"},"sortOrder":{"type":"integer","default":0},"playCount":{"type":"integer","default":0}},"kind":"collectionType"},"modelType":"contentType","modelName":"background-music","connection":"default","uid":"api::background-music.background-music","apiName":"background-music","globalId":"BackgroundMusic","actions":{},"lifecycles":{}},"api::category.category":{"kind":"collectionType","collectionName":"categories","info":{"singularName":"category","pluralName":"categories","displayName":"Category","description":"Categories for straight trivia and nested game cards"},"options":{"draftAndPublish":false},"pluginOptions":{},"attributes":{"name":{"type":"string","required":true},"description":{"type":"text"},"difficulty":{"type":"enumeration","enum":["easy","medium","hard"],"default":"medium"},"questionCount":{"type":"integer","default":0},"status":{"type":"enumeration","enum":["free","premium"],"default":"free"},"game":{"type":"relation","relation":"manyToOne","target":"api::game.game","inversedBy":"categories"},"questions":{"type":"relation","relation":"oneToMany","target":"api::question.question","mappedBy":"category"},"cardNumber":{"type":"integer","description":"For nested games: 1-6 (6 is special card without questions)"},"isActive":{"type":"boolean","default":true},"sortOrder":{"type":"integer","default":0},"createdAt":{"type":"datetime"},"updatedAt":{"type":"datetime"},"createdBy":{"type":"relation","relation":"oneToOne","target":"admin::user","configurable":false,"writable":false,"visible":false,"useJoinTable":false,"private":true},"updatedBy":{"type":"relation","relation":"oneToOne","target":"admin::user","configurable":false,"writable":false,"visible":false,"useJoinTable":false,"private":true}},"__schema__":{"collectionName":"categories","info":{"singularName":"category","pluralName":"categories","displayName":"Category","description":"Categories for straight trivia and nested game cards"},"options":{"draftAndPublish":false},"pluginOptions":{},"attributes":{"name":{"type":"string","required":true},"description":{"type":"text"},"difficulty":{"type":"enumeration","enum":["easy","medium","hard"],"default":"medium"},"questionCount":{"type":"integer","default":0},"status":{"type":"enumeration","enum":["free","premium"],"default":"free"},"game":{"type":"relation","relation":"manyToOne","target":"api::game.game","inversedBy":"categories"},"questions":{"type":"relation","relation":"oneToMany","target":"api::question.question","mappedBy":"category"},"cardNumber":{"type":"integer","description":"For nested games: 1-6 (6 is special card without questions)"},"isActive":{"type":"boolean","default":true},"sortOrder":{"type":"integer","default":0}},"kind":"collectionType"},"modelType":"contentType","modelName":"category","connection":"default","uid":"api::category.category","apiName":"category","globalId":"Category","actions":{},"lifecycles":{}},"api::game.game":{"kind":"collectionType","collectionName":"games","info":{"singularName":"game","pluralName":"games","displayName":"Game","description":"Trivia games with straight or nested categories"},"options":{"draftAndPublish":false},"pluginOptions":{},"attributes":{"name":{"type":"string","required":true,"unique":true},"description":{"type":"text"},"type":{"type":"enumeration","enum":["straight","nested"],"default":"straight","required":true},"status":{"type":"enumeration","enum":["free","premium"],"default":"free","required":true},"thumbnail":{"type":"media","multiple":false,"required":false,"allowedTypes":["images"]},"totalQuestions":{"type":"integer","default":0},"categories":{"type":"relation","relation":"oneToMany","target":"api::category.category","mappedBy":"game"},"questions":{"type":"relation","relation":"oneToMany","target":"api::question.question","mappedBy":"game"},"isActive":{"type":"boolean","default":true},"sortOrder":{"type":"integer","default":0},"createdAt":{"type":"datetime"},"updatedAt":{"type":"datetime"},"createdBy":{"type":"relation","relation":"oneToOne","target":"admin::user","configurable":false,"writable":false,"visible":false,"useJoinTable":false,"private":true},"updatedBy":{"type":"relation","relation":"oneToOne","target":"admin::user","configurable":false,"writable":false,"visible":false,"useJoinTable":false,"private":true}},"__schema__":{"collectionName":"games","info":{"singularName":"game","pluralName":"games","displayName":"Game","description":"Trivia games with straight or nested categories"},"options":{"draftAndPublish":false},"pluginOptions":{},"attributes":{"name":{"type":"string","required":true,"unique":true},"description":{"type":"text"},"type":{"type":"enumeration","enum":["straight","nested"],"default":"straight","required":true},"status":{"type":"enumeration","enum":["free","premium"],"default":"free","required":true},"thumbnail":{"type":"media","multiple":false,"required":false,"allowedTypes":["images"]},"totalQuestions":{"type":"integer","default":0},"categories":{"type":"relation","relation":"oneToMany","target":"api::category.category","mappedBy":"game"},"questions":{"type":"relation","relation":"oneToMany","target":"api::question.question","mappedBy":"game"},"isActive":{"type":"boolean","default":true},"sortOrder":{"type":"integer","default":0}},"kind":"collectionType"},"modelType":"contentType","modelName":"game","connection":"default","uid":"api::game.game","apiName":"game","globalId":"Game","actions":{},"lifecycles":{}},"api::question.question":{"kind":"collectionType","collectionName":"questions","info":{"singularName":"question","pluralName":"questions","displayName":"Question","description":"Trivia questions with multiple choice answers"},"options":{"draftAndPublish":true},"pluginOptions":{},"attributes":{"question":{"type":"text","required":true},"option1":{"type":"string","required":true},"option2":{"type":"string","required":true},"option3":{"type":"string","required":true},"option4":{"type":"string","required":true},"correctAnswer":{"type":"enumeration","enum":["option1","option2","option3","option4"],"required":true},"explanation":{"type":"text","description":"Optional explanation for the correct answer"},"difficulty":{"type":"enumeration","enum":["easy","medium","hard"],"default":"medium"},"tags":{"type":"json","description":"Array of tags for organization"},"category":{"type":"relation","relation":"manyToOne","target":"api::category.category","inversedBy":"questions"},"game":{"type":"relation","relation":"manyToOne","target":"api::game.game","inversedBy":"questions"},"isActive":{"type":"boolean","default":true},"sortOrder":{"type":"integer","default":0},"timesAnswered":{"type":"integer","default":0},"timesCorrect":{"type":"integer","default":0},"createdAt":{"type":"datetime"},"updatedAt":{"type":"datetime"},"publishedAt":{"type":"datetime","configurable":false,"writable":true,"visible":false},"createdBy":{"type":"relation","relation":"oneToOne","target":"admin::user","configurable":false,"writable":false,"visible":false,"useJoinTable":false,"private":true},"updatedBy":{"type":"relation","relation":"oneToOne","target":"admin::user","configurable":false,"writable":false,"visible":false,"useJoinTable":false,"private":true}},"__schema__":{"collectionName":"questions","info":{"singularName":"question","pluralName":"questions","displayName":"Question","description":"Trivia questions with multiple choice answers"},"options":{"draftAndPublish":true},"pluginOptions":{},"attributes":{"question":{"type":"text","required":true},"option1":{"type":"string","required":true},"option2":{"type":"string","required":true},"option3":{"type":"string","required":true},"option4":{"type":"string","required":true},"correctAnswer":{"type":"enumeration","enum":["option1","option2","option3","option4"],"required":true},"explanation":{"type":"text","description":"Optional explanation for the correct answer"},"difficulty":{"type":"enumeration","enum":["easy","medium","hard"],"default":"medium"},"tags":{"type":"json","description":"Array of tags for organization"},"category":{"type":"relation","relation":"manyToOne","target":"api::category.category","inversedBy":"questions"},"game":{"type":"relation","relation":"manyToOne","target":"api::game.game","inversedBy":"questions"},"isActive":{"type":"boolean","default":true},"sortOrder":{"type":"integer","default":0},"timesAnswered":{"type":"integer","default":0},"timesCorrect":{"type":"integer","default":0}},"kind":"collectionType"},"modelType":"contentType","modelName":"question","connection":"default","uid":"api::question.question","apiName":"question","globalId":"Question","actions":{},"lifecycles":{}},"api::user.user":{"kind":"collectionType","collectionName":"game_users","info":{"singularName":"user","pluralName":"users","displayName":"Game User","description":"Extended user profiles for the trivia platform"},"options":{"draftAndPublish":true},"pluginOptions":{},"attributes":{"email":{"type":"email","required":true,"unique":true},"username":{"type":"string","required":true,"unique":true},"subscriptionType":{"type":"enumeration","enum":["free","premium"],"default":"free","required":true},"subscriptionExpiry":{"type":"datetime","description":"When premium subscription expires"},"profile":{"type":"component","component":"user.profile","repeatable":false},"gameStats":{"type":"json","description":"Game statistics and progress tracking"},"preferences":{"type":"json","description":"User preferences for gameplay and interface"},"achievements":{"type":"json","description":"Unlocked achievements and badges"},"lastGamePlayed":{"type":"datetime"},"totalScore":{"type":"integer","default":0},"gamesCompleted":{"type":"integer","default":0},"isActive":{"type":"boolean","default":true},"registrationDate":{"type":"datetime"},"lastLogin":{"type":"datetime"},"createdAt":{"type":"datetime"},"updatedAt":{"type":"datetime"},"publishedAt":{"type":"datetime","configurable":false,"writable":true,"visible":false},"createdBy":{"type":"relation","relation":"oneToOne","target":"admin::user","configurable":false,"writable":false,"visible":false,"useJoinTable":false,"private":true},"updatedBy":{"type":"relation","relation":"oneToOne","target":"admin::user","configurable":false,"writable":false,"visible":false,"useJoinTable":false,"private":true}},"__schema__":{"collectionName":"game_users","info":{"singularName":"user","pluralName":"users","displayName":"Game User","description":"Extended user profiles for the trivia platform"},"options":{"draftAndPublish":true},"pluginOptions":{},"attributes":{"email":{"type":"email","required":true,"unique":true},"username":{"type":"string","required":true,"unique":true},"subscriptionType":{"type":"enumeration","enum":["free","premium"],"default":"free","required":true},"subscriptionExpiry":{"type":"datetime","description":"When premium subscription expires"},"profile":{"type":"component","component":"user.profile","repeatable":false},"gameStats":{"type":"json","description":"Game statistics and progress tracking"},"preferences":{"type":"json","description":"User preferences for gameplay and interface"},"achievements":{"type":"json","description":"Unlocked achievements and badges"},"lastGamePlayed":{"type":"datetime"},"totalScore":{"type":"integer","default":0},"gamesCompleted":{"type":"integer","default":0},"isActive":{"type":"boolean","default":true},"registrationDate":{"type":"datetime"},"lastLogin":{"type":"datetime"}},"kind":"collectionType"},"modelType":"contentType","modelName":"user","connection":"default","uid":"api::user.user","apiName":"user","globalId":"User","actions":{},"lifecycles":{}},"api::user-music.user-music":{"kind":"collectionType","collectionName":"user_music_tracks","info":{"singularName":"user-music","pluralName":"user-musics","displayName":"User Music","description":"User-uploaded music tracks for premium users"},"options":{"draftAndPublish":true},"pluginOptions":{},"attributes":{"title":{"type":"string","required":true},"audioFile":{"type":"media","multiple":false,"required":true,"allowedTypes":["audio"]},"user":{"type":"relation","relation":"manyToOne","target":"plugin::users-permissions.user","required":true},"uploadSlot":{"type":"integer","description":"Slot number for premium users (1 for premium)","default":1},"isPremiumUser":{"type":"boolean","default":false},"duration":{"type":"integer","description":"Duration in seconds"},"fileSize":{"type":"integer","description":"File size in bytes"},"isActive":{"type":"boolean","default":true},"playCount":{"type":"integer","default":0},"createdAt":{"type":"datetime"},"updatedAt":{"type":"datetime"},"publishedAt":{"type":"datetime","configurable":false,"writable":true,"visible":false},"createdBy":{"type":"relation","relation":"oneToOne","target":"admin::user","configurable":false,"writable":false,"visible":false,"useJoinTable":false,"private":true},"updatedBy":{"type":"relation","relation":"oneToOne","target":"admin::user","configurable":false,"writable":false,"visible":false,"useJoinTable":false,"private":true}},"__schema__":{"collectionName":"user_music_tracks","info":{"singularName":"user-music","pluralName":"user-musics","displayName":"User Music","description":"User-uploaded music tracks for premium users"},"options":{"draftAndPublish":true},"pluginOptions":{},"attributes":{"title":{"type":"string","required":true},"audioFile":{"type":"media","multiple":false,"required":true,"allowedTypes":["audio"]},"user":{"type":"relation","relation":"manyToOne","target":"plugin::users-permissions.user","required":true},"uploadSlot":{"type":"integer","description":"Slot number for premium users (1 for premium)","default":1},"isPremiumUser":{"type":"boolean","default":false},"duration":{"type":"integer","description":"Duration in seconds"},"fileSize":{"type":"integer","description":"File size in bytes"},"isActive":{"type":"boolean","default":true},"playCount":{"type":"integer","default":0}},"kind":"collectionType"},"modelType":"contentType","modelName":"user-music","connection":"default","uid":"api::user-music.user-music","apiName":"user-music","globalId":"UserMusic","actions":{},"lifecycles":{}}}','object',NULL,NULL);
INSERT INTO strapi_core_store_settings VALUES(2,'plugin_content_manager_configuration_components::user.profile','{"settings":{"bulkable":true,"filterable":true,"searchable":true,"pageSize":10,"mainField":"firstName","defaultSortBy":"firstName","defaultSortOrder":"ASC"},"metadatas":{"id":{"edit":{},"list":{"label":"id","searchable":false,"sortable":false}},"firstName":{"edit":{"label":"firstName","description":"","placeholder":"","visible":true,"editable":true},"list":{"label":"firstName","searchable":true,"sortable":true}},"lastName":{"edit":{"label":"lastName","description":"","placeholder":"","visible":true,"editable":true},"list":{"label":"lastName","searchable":true,"sortable":true}},"avatar":{"edit":{"label":"avatar","description":"","placeholder":"","visible":true,"editable":true},"list":{"label":"avatar","searchable":false,"sortable":false}}},"layouts":{"list":["id","firstName","lastName","avatar"],"edit":[[{"name":"firstName","size":6},{"name":"lastName","size":6}],[{"name":"avatar","size":6}]]},"uid":"user.profile","isComponent":true}','object',NULL,NULL);
INSERT INTO strapi_core_store_settings VALUES(3,'plugin_content_manager_configuration_content_types::admin::permission','{"settings":{"bulkable":true,"filterable":true,"searchable":true,"pageSize":10,"mainField":"action","defaultSortBy":"action","defaultSortOrder":"ASC"},"metadatas":{"id":{"edit":{},"list":{"label":"id","searchable":true,"sortable":true}},"action":{"edit":{"label":"action","description":"","placeholder":"","visible":true,"editable":true},"list":{"label":"action","searchable":true,"sortable":true}},"actionParameters":{"edit":{"label":"actionParameters","description":"","placeholder":"","visible":true,"editable":true},"list":{"label":"actionParameters","searchable":false,"sortable":false}},"subject":{"edit":{"label":"subject","description":"","placeholder":"","visible":true,"editable":true},"list":{"label":"subject","searchable":true,"sortable":true}},"properties":{"edit":{"label":"properties","description":"","placeholder":"","visible":true,"editable":true},"list":{"label":"properties","searchable":false,"sortable":false}},"conditions":{"edit":{"label":"conditions","description":"","placeholder":"","visible":true,"editable":true},"list":{"label":"conditions","searchable":false,"sortable":false}},"role":{"edit":{"label":"role","description":"","placeholder":"","visible":true,"editable":true,"mainField":"name"},"list":{"label":"role","searchable":true,"sortable":true}},"createdAt":{"edit":{"label":"createdAt","description":"","placeholder":"","visible":false,"editable":true},"list":{"label":"createdAt","searchable":true,"sortable":true}},"updatedAt":{"edit":{"label":"updatedAt","description":"","placeholder":"","visible":false,"editable":true},"list":{"label":"updatedAt","searchable":true,"sortable":true}},"createdBy":{"edit":{"label":"createdBy","description":"","placeholder":"","visible":false,"editable":true,"mainField":"firstname"},"list":{"label":"createdBy","searchable":true,"sortable":true}},"updatedBy":{"edit":{"label":"updatedBy","description":"","placeholder":"","visible":false,"editable":true,"mainField":"firstname"},"list":{"label":"updatedBy","searchable":true,"sortable":true}}},"layouts":{"list":["id","action","subject","role"],"edit":[[{"name":"action","size":6}],[{"name":"actionParameters","size":12}],[{"name":"subject","size":6}],[{"name":"properties","size":12}],[{"name":"conditions","size":12}],[{"name":"role","size":6}]]},"uid":"admin::permission"}','object',NULL,NULL);
INSERT INTO strapi_core_store_settings VALUES(4,'plugin_content_manager_configuration_content_types::admin::user','{"settings":{"bulkable":true,"filterable":true,"searchable":true,"pageSize":10,"mainField":"firstname","defaultSortBy":"firstname","defaultSortOrder":"ASC"},"metadatas":{"id":{"edit":{},"list":{"label":"id","searchable":true,"sortable":true}},"firstname":{"edit":{"label":"firstname","description":"","placeholder":"","visible":true,"editable":true},"list":{"label":"firstname","searchable":true,"sortable":true}},"lastname":{"edit":{"label":"lastname","description":"","placeholder":"","visible":true,"editable":true},"list":{"label":"lastname","searchable":true,"sortable":true}},"username":{"edit":{"label":"username","description":"","placeholder":"","visible":true,"editable":true},"list":{"label":"username","searchable":true,"sortable":true}},"email":{"edit":{"label":"email","description":"","placeholder":"","visible":true,"editable":true},"list":{"label":"email","searchable":true,"sortable":true}},"password":{"edit":{"label":"password","description":"","placeholder":"","visible":true,"editable":true},"list":{"label":"password","searchable":true,"sortable":true}},"resetPasswordToken":{"edit":{"label":"resetPasswordToken","description":"","placeholder":"","visible":false,"editable":true},"list":{"label":"resetPasswordToken","searchable":true,"sortable":true}},"registrationToken":{"edit":{"label":"registrationToken","description":"","placeholder":"","visible":false,"editable":true},"list":{"label":"registrationToken","searchable":true,"sortable":true}},"isActive":{"edit":{"label":"isActive","description":"","placeholder":"","visible":true,"editable":true},"list":{"label":"isActive","searchable":true,"sortable":true}},"roles":{"edit":{"label":"roles","description":"","placeholder":"","visible":true,"editable":true,"mainField":"name"},"list":{"label":"roles","searchable":false,"sortable":false}},"blocked":{"edit":{"label":"blocked","description":"","placeholder":"","visible":true,"editable":true},"list":{"label":"blocked","searchable":true,"sortable":true}},"preferedLanguage":{"edit":{"label":"preferedLanguage","description":"","placeholder":"","visible":true,"editable":true},"list":{"label":"preferedLanguage","searchable":true,"sortable":true}},"createdAt":{"edit":{"label":"createdAt","description":"","placeholder":"","visible":false,"editable":true},"list":{"label":"createdAt","searchable":true,"sortable":true}},"updatedAt":{"edit":{"label":"updatedAt","description":"","placeholder":"","visible":false,"editable":true},"list":{"label":"updatedAt","searchable":true,"sortable":true}},"createdBy":{"edit":{"label":"createdBy","description":"","placeholder":"","visible":false,"editable":true,"mainField":"firstname"},"list":{"label":"createdBy","searchable":true,"sortable":true}},"updatedBy":{"edit":{"label":"updatedBy","description":"","placeholder":"","visible":false,"editable":true,"mainField":"firstname"},"list":{"label":"updatedBy","searchable":true,"sortable":true}}},"layouts":{"list":["id","firstname","lastname","username"],"edit":[[{"name":"firstname","size":6},{"name":"lastname","size":6}],[{"name":"username","size":6},{"name":"email","size":6}],[{"name":"password","size":6},{"name":"isActive","size":4}],[{"name":"roles","size":6},{"name":"blocked","size":4}],[{"name":"preferedLanguage","size":6}]]},"uid":"admin::user"}','object',NULL,NULL);
INSERT INTO strapi_core_store_settings VALUES(5,'plugin_content_manager_configuration_content_types::admin::role','{"settings":{"bulkable":true,"filterable":true,"searchable":true,"pageSize":10,"mainField":"name","defaultSortBy":"name","defaultSortOrder":"ASC"},"metadatas":{"id":{"edit":{},"list":{"label":"id","searchable":true,"sortable":true}},"name":{"edit":{"label":"name","description":"","placeholder":"","visible":true,"editable":true},"list":{"label":"name","searchable":true,"sortable":true}},"code":{"edit":{"label":"code","description":"","placeholder":"","visible":true,"editable":true},"list":{"label":"code","searchable":true,"sortable":true}},"description":{"edit":{"label":"description","description":"","placeholder":"","visible":true,"editable":true},"list":{"label":"description","searchable":true,"sortable":true}},"users":{"edit":{"label":"users","description":"","placeholder":"","visible":true,"editable":true,"mainField":"firstname"},"list":{"label":"users","searchable":false,"sortable":false}},"permissions":{"edit":{"label":"permissions","description":"","placeholder":"","visible":true,"editable":true,"mainField":"action"},"list":{"label":"permissions","searchable":false,"sortable":false}},"createdAt":{"edit":{"label":"createdAt","description":"","placeholder":"","visible":false,"editable":true},"list":{"label":"createdAt","searchable":true,"sortable":true}},"updatedAt":{"edit":{"label":"updatedAt","description":"","placeholder":"","visible":false,"editable":true},"list":{"label":"updatedAt","searchable":true,"sortable":true}},"createdBy":{"edit":{"label":"createdBy","description":"","placeholder":"","visible":false,"editable":true,"mainField":"firstname"},"list":{"label":"createdBy","searchable":true,"sortable":true}},"updatedBy":{"edit":{"label":"updatedBy","description":"","placeholder":"","visible":false,"editable":true,"mainField":"firstname"},"list":{"label":"updatedBy","searchable":true,"sortable":true}}},"layouts":{"list":["id","name","code","description"],"edit":[[{"name":"name","size":6},{"name":"code","size":6}],[{"name":"description","size":6},{"name":"users","size":6}],[{"name":"permissions","size":6}]]},"uid":"admin::role"}','object',NULL,NULL);
INSERT INTO strapi_core_store_settings VALUES(6,'plugin_content_manager_configuration_content_types::admin::api-token','{"settings":{"bulkable":true,"filterable":true,"searchable":true,"pageSize":10,"mainField":"name","defaultSortBy":"name","defaultSortOrder":"ASC"},"metadatas":{"id":{"edit":{},"list":{"label":"id","searchable":true,"sortable":true}},"name":{"edit":{"label":"name","description":"","placeholder":"","visible":true,"editable":true},"list":{"label":"name","searchable":true,"sortable":true}},"description":{"edit":{"label":"description","description":"","placeholder":"","visible":true,"editable":true},"list":{"label":"description","searchable":true,"sortable":true}},"type":{"edit":{"label":"type","description":"","placeholder":"","visible":true,"editable":true},"list":{"label":"type","searchable":true,"sortable":true}},"accessKey":{"edit":{"label":"accessKey","description":"","placeholder":"","visible":true,"editable":true},"list":{"label":"accessKey","searchable":true,"sortable":true}},"lastUsedAt":{"edit":{"label":"lastUsedAt","description":"","placeholder":"","visible":true,"editable":true},"list":{"label":"lastUsedAt","searchable":true,"sortable":true}},"permissions":{"edit":{"label":"permissions","description":"","placeholder":"","visible":true,"editable":true,"mainField":"action"},"list":{"label":"permissions","searchable":false,"sortable":false}},"expiresAt":{"edit":{"label":"expiresAt","description":"","placeholder":"","visible":true,"editable":true},"list":{"label":"expiresAt","searchable":true,"sortable":true}},"lifespan":{"edit":{"label":"lifespan","description":"","placeholder":"","visible":true,"editable":true},"list":{"label":"lifespan","searchable":true,"sortable":true}},"createdAt":{"edit":{"label":"createdAt","description":"","placeholder":"","visible":false,"editable":true},"list":{"label":"createdAt","searchable":true,"sortable":true}},"updatedAt":{"edit":{"label":"updatedAt","description":"","placeholder":"","visible":false,"editable":true},"list":{"label":"updatedAt","searchable":true,"sortable":true}},"createdBy":{"edit":{"label":"createdBy","description":"","placeholder":"","visible":false,"editable":true,"mainField":"firstname"},"list":{"label":"createdBy","searchable":true,"sortable":true}},"updatedBy":{"edit":{"label":"updatedBy","description":"","placeholder":"","visible":false,"editable":true,"mainField":"firstname"},"list":{"label":"updatedBy","searchable":true,"sortable":true}}},"layouts":{"list":["id","name","description","type"],"edit":[[{"name":"name","size":6},{"name":"description","size":6}],[{"name":"type","size":6},{"name":"accessKey","size":6}],[{"name":"lastUsedAt","size":6},{"name":"permissions","size":6}],[{"name":"expiresAt","size":6},{"name":"lifespan","size":4}]]},"uid":"admin::api-token"}','object',NULL,NULL);
INSERT INTO strapi_core_store_settings VALUES(7,'plugin_content_manager_configuration_content_types::admin::api-token-permission','{"settings":{"bulkable":true,"filterable":true,"searchable":true,"pageSize":10,"mainField":"action","defaultSortBy":"action","defaultSortOrder":"ASC"},"metadatas":{"id":{"edit":{},"list":{"label":"id","searchable":true,"sortable":true}},"action":{"edit":{"label":"action","description":"","placeholder":"","visible":true,"editable":true},"list":{"label":"action","searchable":true,"sortable":true}},"token":{"edit":{"label":"token","description":"","placeholder":"","visible":true,"editable":true,"mainField":"name"},"list":{"label":"token","searchable":true,"sortable":true}},"createdAt":{"edit":{"label":"createdAt","description":"","placeholder":"","visible":false,"editable":true},"list":{"label":"createdAt","searchable":true,"sortable":true}},"updatedAt":{"edit":{"label":"updatedAt","description":"","placeholder":"","visible":false,"editable":true},"list":{"label":"updatedAt","searchable":true,"sortable":true}},"createdBy":{"edit":{"label":"createdBy","description":"","placeholder":"","visible":false,"editable":true,"mainField":"firstname"},"list":{"label":"createdBy","searchable":true,"sortable":true}},"updatedBy":{"edit":{"label":"updatedBy","description":"","placeholder":"","visible":false,"editable":true,"mainField":"firstname"},"list":{"label":"updatedBy","searchable":true,"sortable":true}}},"layouts":{"list":["id","action","token","createdAt"],"edit":[[{"name":"action","size":6},{"name":"token","size":6}]]},"uid":"admin::api-token-permission"}','object',NULL,NULL);
INSERT INTO strapi_core_store_settings VALUES(8,'plugin_content_manager_configuration_content_types::admin::transfer-token','{"settings":{"bulkable":true,"filterable":true,"searchable":true,"pageSize":10,"mainField":"name","defaultSortBy":"name","defaultSortOrder":"ASC"},"metadatas":{"id":{"edit":{},"list":{"label":"id","searchable":true,"sortable":true}},"name":{"edit":{"label":"name","description":"","placeholder":"","visible":true,"editable":true},"list":{"label":"name","searchable":true,"sortable":true}},"description":{"edit":{"label":"description","description":"","placeholder":"","visible":true,"editable":true},"list":{"label":"description","searchable":true,"sortable":true}},"accessKey":{"edit":{"label":"accessKey","description":"","placeholder":"","visible":true,"editable":true},"list":{"label":"accessKey","searchable":true,"sortable":true}},"lastUsedAt":{"edit":{"label":"lastUsedAt","description":"","placeholder":"","visible":true,"editable":true},"list":{"label":"lastUsedAt","searchable":true,"sortable":true}},"permissions":{"edit":{"label":"permissions","description":"","placeholder":"","visible":true,"editable":true,"mainField":"action"},"list":{"label":"permissions","searchable":false,"sortable":false}},"expiresAt":{"edit":{"label":"expiresAt","description":"","placeholder":"","visible":true,"editable":true},"list":{"label":"expiresAt","searchable":true,"sortable":true}},"lifespan":{"edit":{"label":"lifespan","description":"","placeholder":"","visible":true,"editable":true},"list":{"label":"lifespan","searchable":true,"sortable":true}},"createdAt":{"edit":{"label":"createdAt","description":"","placeholder":"","visible":false,"editable":true},"list":{"label":"createdAt","searchable":true,"sortable":true}},"updatedAt":{"edit":{"label":"updatedAt","description":"","placeholder":"","visible":false,"editable":true},"list":{"label":"updatedAt","searchable":true,"sortable":true}},"createdBy":{"edit":{"label":"createdBy","description":"","placeholder":"","visible":false,"editable":true,"mainField":"firstname"},"list":{"label":"createdBy","searchable":true,"sortable":true}},"updatedBy":{"edit":{"label":"updatedBy","description":"","placeholder":"","visible":false,"editable":true,"mainField":"firstname"},"list":{"label":"updatedBy","searchable":true,"sortable":true}}},"layouts":{"list":["id","name","description","accessKey"],"edit":[[{"name":"name","size":6},{"name":"description","size":6}],[{"name":"accessKey","size":6},{"name":"lastUsedAt","size":6}],[{"name":"permissions","size":6},{"name":"expiresAt","size":6}],[{"name":"lifespan","size":4}]]},"uid":"admin::transfer-token"}','object',NULL,NULL);
INSERT INTO strapi_core_store_settings VALUES(9,'plugin_content_manager_configuration_content_types::admin::transfer-token-permission','{"settings":{"bulkable":true,"filterable":true,"searchable":true,"pageSize":10,"mainField":"action","defaultSortBy":"action","defaultSortOrder":"ASC"},"metadatas":{"id":{"edit":{},"list":{"label":"id","searchable":true,"sortable":true}},"action":{"edit":{"label":"action","description":"","placeholder":"","visible":true,"editable":true},"list":{"label":"action","searchable":true,"sortable":true}},"token":{"edit":{"label":"token","description":"","placeholder":"","visible":true,"editable":true,"mainField":"name"},"list":{"label":"token","searchable":true,"sortable":true}},"createdAt":{"edit":{"label":"createdAt","description":"","placeholder":"","visible":false,"editable":true},"list":{"label":"createdAt","searchable":true,"sortable":true}},"updatedAt":{"edit":{"label":"updatedAt","description":"","placeholder":"","visible":false,"editable":true},"list":{"label":"updatedAt","searchable":true,"sortable":true}},"createdBy":{"edit":{"label":"createdBy","description":"","placeholder":"","visible":false,"editable":true,"mainField":"firstname"},"list":{"label":"createdBy","searchable":true,"sortable":true}},"updatedBy":{"edit":{"label":"updatedBy","description":"","placeholder":"","visible":false,"editable":true,"mainField":"firstname"},"list":{"label":"updatedBy","searchable":true,"sortable":true}}},"layouts":{"list":["id","action","token","createdAt"],"edit":[[{"name":"action","size":6},{"name":"token","size":6}]]},"uid":"admin::transfer-token-permission"}','object',NULL,NULL);
INSERT INTO strapi_core_store_settings VALUES(10,'plugin_content_manager_configuration_content_types::plugin::upload.file','{"settings":{"bulkable":true,"filterable":true,"searchable":true,"pageSize":10,"mainField":"name","defaultSortBy":"name","defaultSortOrder":"ASC"},"metadatas":{"id":{"edit":{},"list":{"label":"id","searchable":true,"sortable":true}},"name":{"edit":{"label":"name","description":"","placeholder":"","visible":true,"editable":true},"list":{"label":"name","searchable":true,"sortable":true}},"alternativeText":{"edit":{"label":"alternativeText","description":"","placeholder":"","visible":true,"editable":true},"list":{"label":"alternativeText","searchable":true,"sortable":true}},"caption":{"edit":{"label":"caption","description":"","placeholder":"","visible":true,"editable":true},"list":{"label":"caption","searchable":true,"sortable":true}},"width":{"edit":{"label":"width","description":"","placeholder":"","visible":true,"editable":true},"list":{"label":"width","searchable":true,"sortable":true}},"height":{"edit":{"label":"height","description":"","placeholder":"","visible":true,"editable":true},"list":{"label":"height","searchable":true,"sortable":true}},"formats":{"edit":{"label":"formats","description":"","placeholder":"","visible":true,"editable":true},"list":{"label":"formats","searchable":false,"sortable":false}},"hash":{"edit":{"label":"hash","description":"","placeholder":"","visible":true,"editable":true},"list":{"label":"hash","searchable":true,"sortable":true}},"ext":{"edit":{"label":"ext","description":"","placeholder":"","visible":true,"editable":true},"list":{"label":"ext","searchable":true,"sortable":true}},"mime":{"edit":{"label":"mime","description":"","placeholder":"","visible":true,"editable":true},"list":{"label":"mime","searchable":true,"sortable":true}},"size":{"edit":{"label":"size","description":"","placeholder":"","visible":true,"editable":true},"list":{"label":"size","searchable":true,"sortable":true}},"url":{"edit":{"label":"url","description":"","placeholder":"","visible":true,"editable":true},"list":{"label":"url","searchable":true,"sortable":true}},"previewUrl":{"edit":{"label":"previewUrl","description":"","placeholder":"","visible":true,"editable":true},"list":{"label":"previewUrl","searchable":true,"sortable":true}},"provider":{"edit":{"label":"provider","description":"","placeholder":"","visible":true,"editable":true},"list":{"label":"provider","searchable":true,"sortable":true}},"provider_metadata":{"edit":{"label":"provider_metadata","description":"","placeholder":"","visible":true,"editable":true},"list":{"label":"provider_metadata","searchable":false,"sortable":false}},"folder":{"edit":{"label":"folder","description":"","placeholder":"","visible":true,"editable":true,"mainField":"name"},"list":{"label":"folder","searchable":true,"sortable":true}},"folderPath":{"edit":{"label":"folderPath","description":"","placeholder":"","visible":true,"editable":true},"list":{"label":"folderPath","searchable":true,"sortable":true}},"createdAt":{"edit":{"label":"createdAt","description":"","placeholder":"","visible":false,"editable":true},"list":{"label":"createdAt","searchable":true,"sortable":true}},"updatedAt":{"edit":{"label":"updatedAt","description":"","placeholder":"","visible":false,"editable":true},"list":{"label":"updatedAt","searchable":true,"sortable":true}},"createdBy":{"edit":{"label":"createdBy","description":"","placeholder":"","visible":false,"editable":true,"mainField":"firstname"},"list":{"label":"createdBy","searchable":true,"sortable":true}},"updatedBy":{"edit":{"label":"updatedBy","description":"","placeholder":"","visible":false,"editable":true,"mainField":"firstname"},"list":{"label":"updatedBy","searchable":true,"sortable":true}}},"layouts":{"list":["id","name","alternativeText","caption"],"edit":[[{"name":"name","size":6},{"name":"alternativeText","size":6}],[{"name":"caption","size":6},{"name":"width","size":4}],[{"name":"height","size":4}],[{"name":"formats","size":12}],[{"name":"hash","size":6},{"name":"ext","size":6}],[{"name":"mime","size":6},{"name":"size","size":4}],[{"name":"url","size":6},{"name":"previewUrl","size":6}],[{"name":"provider","size":6}],[{"name":"provider_metadata","size":12}],[{"name":"folder","size":6},{"name":"folderPath","size":6}]]},"uid":"plugin::upload.file"}','object',NULL,NULL);
INSERT INTO strapi_core_store_settings VALUES(11,'plugin_content_manager_configuration_content_types::plugin::upload.folder','{"settings":{"bulkable":true,"filterable":true,"searchable":true,"pageSize":10,"mainField":"name","defaultSortBy":"name","defaultSortOrder":"ASC"},"metadatas":{"id":{"edit":{},"list":{"label":"id","searchable":true,"sortable":true}},"name":{"edit":{"label":"name","description":"","placeholder":"","visible":true,"editable":true},"list":{"label":"name","searchable":true,"sortable":true}},"pathId":{"edit":{"label":"pathId","description":"","placeholder":"","visible":true,"editable":true},"list":{"label":"pathId","searchable":true,"sortable":true}},"parent":{"edit":{"label":"parent","description":"","placeholder":"","visible":true,"editable":true,"mainField":"name"},"list":{"label":"parent","searchable":true,"sortable":true}},"children":{"edit":{"label":"children","description":"","placeholder":"","visible":true,"editable":true,"mainField":"name"},"list":{"label":"children","searchable":false,"sortable":false}},"files":{"edit":{"label":"files","description":"","placeholder":"","visible":true,"editable":true,"mainField":"name"},"list":{"label":"files","searchable":false,"sortable":false}},"path":{"edit":{"label":"path","description":"","placeholder":"","visible":true,"editable":true},"list":{"label":"path","searchable":true,"sortable":true}},"createdAt":{"edit":{"label":"createdAt","description":"","placeholder":"","visible":false,"editable":true},"list":{"label":"createdAt","searchable":true,"sortable":true}},"updatedAt":{"edit":{"label":"updatedAt","description":"","placeholder":"","visible":false,"editable":true},"list":{"label":"updatedAt","searchable":true,"sortable":true}},"createdBy":{"edit":{"label":"createdBy","description":"","placeholder":"","visible":false,"editable":true,"mainField":"firstname"},"list":{"label":"createdBy","searchable":true,"sortable":true}},"updatedBy":{"edit":{"label":"updatedBy","description":"","placeholder":"","visible":false,"editable":true,"mainField":"firstname"},"list":{"label":"updatedBy","searchable":true,"sortable":true}}},"layouts":{"list":["id","name","pathId","parent"],"edit":[[{"name":"name","size":6},{"name":"pathId","size":4}],[{"name":"parent","size":6},{"name":"children","size":6}],[{"name":"files","size":6},{"name":"path","size":6}]]},"uid":"plugin::upload.folder"}','object',NULL,NULL);
INSERT INTO strapi_core_store_settings VALUES(12,'plugin_content_manager_configuration_content_types::plugin::content-releases.release','{"settings":{"bulkable":true,"filterable":true,"searchable":true,"pageSize":10,"mainField":"name","defaultSortBy":"name","defaultSortOrder":"ASC"},"metadatas":{"id":{"edit":{},"list":{"label":"id","searchable":true,"sortable":true}},"name":{"edit":{"label":"name","description":"","placeholder":"","visible":true,"editable":true},"list":{"label":"name","searchable":true,"sortable":true}},"releasedAt":{"edit":{"label":"releasedAt","description":"","placeholder":"","visible":true,"editable":true},"list":{"label":"releasedAt","searchable":true,"sortable":true}},"scheduledAt":{"edit":{"label":"scheduledAt","description":"","placeholder":"","visible":true,"editable":true},"list":{"label":"scheduledAt","searchable":true,"sortable":true}},"timezone":{"edit":{"label":"timezone","description":"","placeholder":"","visible":true,"editable":true},"list":{"label":"timezone","searchable":true,"sortable":true}},"status":{"edit":{"label":"status","description":"","placeholder":"","visible":true,"editable":true},"list":{"label":"status","searchable":true,"sortable":true}},"actions":{"edit":{"label":"actions","description":"","placeholder":"","visible":true,"editable":true,"mainField":"contentType"},"list":{"label":"actions","searchable":false,"sortable":false}},"createdAt":{"edit":{"label":"createdAt","description":"","placeholder":"","visible":false,"editable":true},"list":{"label":"createdAt","searchable":true,"sortable":true}},"updatedAt":{"edit":{"label":"updatedAt","description":"","placeholder":"","visible":false,"editable":true},"list":{"label":"updatedAt","searchable":true,"sortable":true}},"createdBy":{"edit":{"label":"createdBy","description":"","placeholder":"","visible":false,"editable":true,"mainField":"firstname"},"list":{"label":"createdBy","searchable":true,"sortable":true}},"updatedBy":{"edit":{"label":"updatedBy","description":"","placeholder":"","visible":false,"editable":true,"mainField":"firstname"},"list":{"label":"updatedBy","searchable":true,"sortable":true}}},"layouts":{"list":["id","name","releasedAt","scheduledAt"],"edit":[[{"name":"name","size":6},{"name":"releasedAt","size":6}],[{"name":"scheduledAt","size":6},{"name":"timezone","size":6}],[{"name":"status","size":6},{"name":"actions","size":6}]]},"uid":"plugin::content-releases.release"}','object',NULL,NULL);
INSERT INTO strapi_core_store_settings VALUES(13,'plugin_content_manager_configuration_content_types::plugin::content-releases.release-action','{"settings":{"bulkable":true,"filterable":true,"searchable":true,"pageSize":10,"mainField":"contentType","defaultSortBy":"contentType","defaultSortOrder":"ASC"},"metadatas":{"id":{"edit":{},"list":{"label":"id","searchable":true,"sortable":true}},"type":{"edit":{"label":"type","description":"","placeholder":"","visible":true,"editable":true},"list":{"label":"type","searchable":true,"sortable":true}},"contentType":{"edit":{"label":"contentType","description":"","placeholder":"","visible":true,"editable":true},"list":{"label":"contentType","searchable":true,"sortable":true}},"locale":{"edit":{"label":"locale","description":"","placeholder":"","visible":true,"editable":true},"list":{"label":"locale","searchable":true,"sortable":true}},"release":{"edit":{"label":"release","description":"","placeholder":"","visible":true,"editable":true,"mainField":"name"},"list":{"label":"release","searchable":true,"sortable":true}},"isEntryValid":{"edit":{"label":"isEntryValid","description":"","placeholder":"","visible":true,"editable":true},"list":{"label":"isEntryValid","searchable":true,"sortable":true}},"createdAt":{"edit":{"label":"createdAt","description":"","placeholder":"","visible":false,"editable":true},"list":{"label":"createdAt","searchable":true,"sortable":true}},"updatedAt":{"edit":{"label":"updatedAt","description":"","placeholder":"","visible":false,"editable":true},"list":{"label":"updatedAt","searchable":true,"sortable":true}},"createdBy":{"edit":{"label":"createdBy","description":"","placeholder":"","visible":false,"editable":true,"mainField":"firstname"},"list":{"label":"createdBy","searchable":true,"sortable":true}},"updatedBy":{"edit":{"label":"updatedBy","description":"","placeholder":"","visible":false,"editable":true,"mainField":"firstname"},"list":{"label":"updatedBy","searchable":true,"sortable":true}}},"layouts":{"list":["id","type","contentType","locale"],"edit":[[{"name":"type","size":6},{"name":"contentType","size":6}],[{"name":"locale","size":6},{"name":"release","size":6}],[{"name":"isEntryValid","size":4}]]},"uid":"plugin::content-releases.release-action"}','object',NULL,NULL);
INSERT INTO strapi_core_store_settings VALUES(14,'plugin_content_manager_configuration_content_types::plugin::users-permissions.permission','{"settings":{"bulkable":true,"filterable":true,"searchable":true,"pageSize":10,"mainField":"action","defaultSortBy":"action","defaultSortOrder":"ASC"},"metadatas":{"id":{"edit":{},"list":{"label":"id","searchable":true,"sortable":true}},"action":{"edit":{"label":"action","description":"","placeholder":"","visible":true,"editable":true},"list":{"label":"action","searchable":true,"sortable":true}},"role":{"edit":{"label":"role","description":"","placeholder":"","visible":true,"editable":true,"mainField":"name"},"list":{"label":"role","searchable":true,"sortable":true}},"createdAt":{"edit":{"label":"createdAt","description":"","placeholder":"","visible":false,"editable":true},"list":{"label":"createdAt","searchable":true,"sortable":true}},"updatedAt":{"edit":{"label":"updatedAt","description":"","placeholder":"","visible":false,"editable":true},"list":{"label":"updatedAt","searchable":true,"sortable":true}},"createdBy":{"edit":{"label":"createdBy","description":"","placeholder":"","visible":false,"editable":true,"mainField":"firstname"},"list":{"label":"createdBy","searchable":true,"sortable":true}},"updatedBy":{"edit":{"label":"updatedBy","description":"","placeholder":"","visible":false,"editable":true,"mainField":"firstname"},"list":{"label":"updatedBy","searchable":true,"sortable":true}}},"layouts":{"list":["id","action","role","createdAt"],"edit":[[{"name":"action","size":6},{"name":"role","size":6}]]},"uid":"plugin::users-permissions.permission"}','object',NULL,NULL);
INSERT INTO strapi_core_store_settings VALUES(15,'plugin_content_manager_configuration_content_types::plugin::users-permissions.role','{"settings":{"bulkable":true,"filterable":true,"searchable":true,"pageSize":10,"mainField":"name","defaultSortBy":"name","defaultSortOrder":"ASC"},"metadatas":{"id":{"edit":{},"list":{"label":"id","searchable":true,"sortable":true}},"name":{"edit":{"label":"name","description":"","placeholder":"","visible":true,"editable":true},"list":{"label":"name","searchable":true,"sortable":true}},"description":{"edit":{"label":"description","description":"","placeholder":"","visible":true,"editable":true},"list":{"label":"description","searchable":true,"sortable":true}},"type":{"edit":{"label":"type","description":"","placeholder":"","visible":true,"editable":true},"list":{"label":"type","searchable":true,"sortable":true}},"permissions":{"edit":{"label":"permissions","description":"","placeholder":"","visible":true,"editable":true,"mainField":"action"},"list":{"label":"permissions","searchable":false,"sortable":false}},"users":{"edit":{"label":"users","description":"","placeholder":"","visible":true,"editable":true,"mainField":"username"},"list":{"label":"users","searchable":false,"sortable":false}},"createdAt":{"edit":{"label":"createdAt","description":"","placeholder":"","visible":false,"editable":true},"list":{"label":"createdAt","searchable":true,"sortable":true}},"updatedAt":{"edit":{"label":"updatedAt","description":"","placeholder":"","visible":false,"editable":true},"list":{"label":"updatedAt","searchable":true,"sortable":true}},"createdBy":{"edit":{"label":"createdBy","description":"","placeholder":"","visible":false,"editable":true,"mainField":"firstname"},"list":{"label":"createdBy","searchable":true,"sortable":true}},"updatedBy":{"edit":{"label":"updatedBy","description":"","placeholder":"","visible":false,"editable":true,"mainField":"firstname"},"list":{"label":"updatedBy","searchable":true,"sortable":true}}},"layouts":{"list":["id","name","description","type"],"edit":[[{"name":"name","size":6},{"name":"description","size":6}],[{"name":"type","size":6},{"name":"permissions","size":6}],[{"name":"users","size":6}]]},"uid":"plugin::users-permissions.role"}','object',NULL,NULL);
INSERT INTO strapi_core_store_settings VALUES(16,'plugin_content_manager_configuration_content_types::plugin::users-permissions.user','{"settings":{"bulkable":true,"filterable":true,"searchable":true,"pageSize":10,"mainField":"username","defaultSortBy":"username","defaultSortOrder":"ASC"},"metadatas":{"id":{"edit":{},"list":{"label":"id","searchable":true,"sortable":true}},"username":{"edit":{"label":"username","description":"","placeholder":"","visible":true,"editable":true},"list":{"label":"username","searchable":true,"sortable":true}},"email":{"edit":{"label":"email","description":"","placeholder":"","visible":true,"editable":true},"list":{"label":"email","searchable":true,"sortable":true}},"provider":{"edit":{"label":"provider","description":"","placeholder":"","visible":false,"editable":true},"list":{"label":"provider","searchable":true,"sortable":true}},"password":{"edit":{"label":"password","description":"","placeholder":"","visible":true,"editable":true},"list":{"label":"password","searchable":true,"sortable":true}},"resetPasswordToken":{"edit":{"label":"resetPasswordToken","description":"","placeholder":"","visible":false,"editable":true},"list":{"label":"resetPasswordToken","searchable":true,"sortable":true}},"confirmationToken":{"edit":{"label":"confirmationToken","description":"","placeholder":"","visible":false,"editable":true},"list":{"label":"confirmationToken","searchable":true,"sortable":true}},"confirmed":{"edit":{"label":"confirmed","description":"","placeholder":"","visible":true,"editable":true},"list":{"label":"confirmed","searchable":true,"sortable":true}},"blocked":{"edit":{"label":"blocked","description":"","placeholder":"","visible":true,"editable":true},"list":{"label":"blocked","searchable":true,"sortable":true}},"role":{"edit":{"label":"role","description":"","placeholder":"","visible":true,"editable":true,"mainField":"name"},"list":{"label":"role","searchable":true,"sortable":true}},"subscriptionStatus":{"edit":{"label":"subscriptionStatus","description":"","placeholder":"","visible":true,"editable":true},"list":{"label":"subscriptionStatus","searchable":true,"sortable":true}},"premiumExpiry":{"edit":{"label":"premiumExpiry","description":"","placeholder":"","visible":true,"editable":true},"list":{"label":"premiumExpiry","searchable":true,"sortable":true}},"fullName":{"edit":{"label":"fullName","description":"","placeholder":"","visible":true,"editable":true},"list":{"label":"fullName","searchable":true,"sortable":true}},"phone":{"edit":{"label":"phone","description":"","placeholder":"","visible":true,"editable":true},"list":{"label":"phone","searchable":true,"sortable":true}},"address":{"edit":{"label":"address","description":"","placeholder":"","visible":true,"editable":true},"list":{"label":"address","searchable":true,"sortable":true}},"createdAt":{"edit":{"label":"createdAt","description":"","placeholder":"","visible":false,"editable":true},"list":{"label":"createdAt","searchable":true,"sortable":true}},"updatedAt":{"edit":{"label":"updatedAt","description":"","placeholder":"","visible":false,"editable":true},"list":{"label":"updatedAt","searchable":true,"sortable":true}},"createdBy":{"edit":{"label":"createdBy","description":"","placeholder":"","visible":false,"editable":true,"mainField":"firstname"},"list":{"label":"createdBy","searchable":true,"sortable":true}},"updatedBy":{"edit":{"label":"updatedBy","description":"","placeholder":"","visible":false,"editable":true,"mainField":"firstname"},"list":{"label":"updatedBy","searchable":true,"sortable":true}}},"layouts":{"list":["id","username","email","confirmed"],"edit":[[{"name":"username","size":6},{"name":"email","size":6}],[{"name":"password","size":6},{"name":"confirmed","size":4}],[{"name":"blocked","size":4},{"name":"role","size":6}],[{"name":"subscriptionStatus","size":6},{"name":"premiumExpiry","size":4}],[{"name":"fullName","size":6},{"name":"phone","size":6}],[{"name":"address","size":6}]]},"uid":"plugin::users-permissions.user"}','object',NULL,NULL);
INSERT INTO strapi_core_store_settings VALUES(17,'plugin_content_manager_configuration_content_types::api::admin-user.admin-user','{"settings":{"bulkable":true,"filterable":true,"searchable":true,"pageSize":10,"mainField":"fullName","defaultSortBy":"fullName","defaultSortOrder":"ASC"},"metadatas":{"id":{"edit":{},"list":{"label":"id","searchable":true,"sortable":true}},"email":{"edit":{"label":"email","description":"","placeholder":"","visible":true,"editable":true},"list":{"label":"email","searchable":true,"sortable":true}},"password":{"edit":{"label":"password","description":"","placeholder":"","visible":true,"editable":true},"list":{"label":"password","searchable":true,"sortable":true}},"fullName":{"edit":{"label":"fullName","description":"","placeholder":"","visible":true,"editable":true},"list":{"label":"fullName","searchable":true,"sortable":true}},"adminType":{"edit":{"label":"adminType","description":"","placeholder":"","visible":true,"editable":true},"list":{"label":"adminType","searchable":true,"sortable":true}},"badge":{"edit":{"label":"badge","description":"","placeholder":"","visible":true,"editable":true},"list":{"label":"badge","searchable":true,"sortable":true}},"permissions":{"edit":{"label":"permissions","description":"","placeholder":"","visible":true,"editable":true},"list":{"label":"permissions","searchable":false,"sortable":false}},"isActive":{"edit":{"label":"isActive","description":"","placeholder":"","visible":true,"editable":true},"list":{"label":"isActive","searchable":true,"sortable":true}},"lastLogin":{"edit":{"label":"lastLogin","description":"","placeholder":"","visible":true,"editable":true},"list":{"label":"lastLogin","searchable":true,"sortable":true}},"sessionToken":{"edit":{"label":"sessionToken","description":"","placeholder":"","visible":true,"editable":true},"list":{"label":"sessionToken","searchable":true,"sortable":true}},"profilePicture":{"edit":{"label":"profilePicture","description":"","placeholder":"","visible":true,"editable":true},"list":{"label":"profilePicture","searchable":false,"sortable":false}},"createdAt":{"edit":{"label":"createdAt","description":"","placeholder":"","visible":false,"editable":true},"list":{"label":"createdAt","searchable":true,"sortable":true}},"updatedAt":{"edit":{"label":"updatedAt","description":"","placeholder":"","visible":false,"editable":true},"list":{"label":"updatedAt","searchable":true,"sortable":true}},"createdBy":{"edit":{"label":"createdBy","description":"","placeholder":"","visible":false,"editable":true,"mainField":"firstname"},"list":{"label":"createdBy","searchable":true,"sortable":true}},"updatedBy":{"edit":{"label":"updatedBy","description":"","placeholder":"","visible":false,"editable":true,"mainField":"firstname"},"list":{"label":"updatedBy","searchable":true,"sortable":true}}},"layouts":{"list":["id","email","fullName","adminType"],"edit":[[{"name":"email","size":6}],[{"name":"password","size":6}],[{"name":"permissions","size":12}],[{"name":"isActive","size":4},{"name":"lastLogin","size":6}],[{"name":"profilePicture","size":6},{"name":"fullName","size":6}],[{"name":"adminType","size":6},{"name":"badge","size":6}],[{"name":"sessionToken","size":6}]]},"uid":"api::admin-user.admin-user"}','object',NULL,NULL);
INSERT INTO strapi_core_store_settings VALUES(18,'plugin_content_manager_configuration_content_types::api::background-music.background-music','{"settings":{"bulkable":true,"filterable":true,"searchable":true,"pageSize":10,"mainField":"title","defaultSortBy":"title","defaultSortOrder":"ASC"},"metadatas":{"id":{"edit":{},"list":{"label":"id","searchable":true,"sortable":true}},"title":{"edit":{"label":"title","description":"","placeholder":"","visible":true,"editable":true},"list":{"label":"title","searchable":true,"sortable":true}},"audioFile":{"edit":{"label":"audioFile","description":"","placeholder":"","visible":true,"editable":true},"list":{"label":"audioFile","searchable":false,"sortable":false}},"duration":{"edit":{"label":"duration","description":"","placeholder":"","visible":true,"editable":true},"list":{"label":"duration","searchable":true,"sortable":true}},"isActive":{"edit":{"label":"isActive","description":"","placeholder":"","visible":true,"editable":true},"list":{"label":"isActive","searchable":true,"sortable":true}},"uploadedBy":{"edit":{"label":"uploadedBy","description":"","placeholder":"","visible":true,"editable":true,"mainField":"fullName"},"list":{"label":"uploadedBy","searchable":true,"sortable":true}},"fileSize":{"edit":{"label":"fileSize","description":"","placeholder":"","visible":true,"editable":true},"list":{"label":"fileSize","searchable":true,"sortable":true}},"sortOrder":{"edit":{"label":"sortOrder","description":"","placeholder":"","visible":true,"editable":true},"list":{"label":"sortOrder","searchable":true,"sortable":true}},"playCount":{"edit":{"label":"playCount","description":"","placeholder":"","visible":true,"editable":true},"list":{"label":"playCount","searchable":true,"sortable":true}},"createdAt":{"edit":{"label":"createdAt","description":"","placeholder":"","visible":false,"editable":true},"list":{"label":"createdAt","searchable":true,"sortable":true}},"updatedAt":{"edit":{"label":"updatedAt","description":"","placeholder":"","visible":false,"editable":true},"list":{"label":"updatedAt","searchable":true,"sortable":true}},"createdBy":{"edit":{"label":"createdBy","description":"","placeholder":"","visible":false,"editable":true,"mainField":"firstname"},"list":{"label":"createdBy","searchable":true,"sortable":true}},"updatedBy":{"edit":{"label":"updatedBy","description":"","placeholder":"","visible":false,"editable":true,"mainField":"firstname"},"list":{"label":"updatedBy","searchable":true,"sortable":true}}},"layouts":{"list":["id","title","audioFile","duration"],"edit":[[{"name":"title","size":6},{"name":"audioFile","size":6}],[{"name":"duration","size":4},{"name":"isActive","size":4}],[{"name":"uploadedBy","size":6},{"name":"fileSize","size":4}],[{"name":"sortOrder","size":4},{"name":"playCount","size":4}]]},"uid":"api::background-music.background-music"}','object',NULL,NULL);
INSERT INTO strapi_core_store_settings VALUES(19,'plugin_content_manager_configuration_content_types::api::category.category','{"settings":{"bulkable":true,"filterable":true,"searchable":true,"pageSize":10,"mainField":"name","defaultSortBy":"name","defaultSortOrder":"ASC"},"metadatas":{"id":{"edit":{},"list":{"label":"id","searchable":true,"sortable":true}},"name":{"edit":{"label":"name","description":"","placeholder":"","visible":true,"editable":true},"list":{"label":"name","searchable":true,"sortable":true}},"description":{"edit":{"label":"description","description":"","placeholder":"","visible":true,"editable":true},"list":{"label":"description","searchable":true,"sortable":true}},"difficulty":{"edit":{"label":"difficulty","description":"","placeholder":"","visible":true,"editable":true},"list":{"label":"difficulty","searchable":true,"sortable":true}},"questionCount":{"edit":{"label":"questionCount","description":"","placeholder":"","visible":true,"editable":true},"list":{"label":"questionCount","searchable":true,"sortable":true}},"status":{"edit":{"label":"status","description":"","placeholder":"","visible":true,"editable":true},"list":{"label":"status","searchable":true,"sortable":true}},"game":{"edit":{"label":"game","description":"","placeholder":"","visible":true,"editable":true,"mainField":"name"},"list":{"label":"game","searchable":true,"sortable":true}},"questions":{"edit":{"label":"questions","description":"","placeholder":"","visible":true,"editable":true,"mainField":"option1"},"list":{"label":"questions","searchable":false,"sortable":false}},"cardNumber":{"edit":{"label":"cardNumber","description":"","placeholder":"","visible":true,"editable":true},"list":{"label":"cardNumber","searchable":true,"sortable":true}},"isActive":{"edit":{"label":"isActive","description":"","placeholder":"","visible":true,"editable":true},"list":{"label":"isActive","searchable":true,"sortable":true}},"sortOrder":{"edit":{"label":"sortOrder","description":"","placeholder":"","visible":true,"editable":true},"list":{"label":"sortOrder","searchable":true,"sortable":true}},"createdAt":{"edit":{"label":"createdAt","description":"","placeholder":"","visible":false,"editable":true},"list":{"label":"createdAt","searchable":true,"sortable":true}},"updatedAt":{"edit":{"label":"updatedAt","description":"","placeholder":"","visible":false,"editable":true},"list":{"label":"updatedAt","searchable":true,"sortable":true}},"createdBy":{"edit":{"label":"createdBy","description":"","placeholder":"","visible":false,"editable":true,"mainField":"firstname"},"list":{"label":"createdBy","searchable":true,"sortable":true}},"updatedBy":{"edit":{"label":"updatedBy","description":"","placeholder":"","visible":false,"editable":true,"mainField":"firstname"},"list":{"label":"updatedBy","searchable":true,"sortable":true}}},"layouts":{"list":["id","name","description","difficulty"],"edit":[[{"name":"name","size":6},{"name":"description","size":6}],[{"name":"difficulty","size":6},{"name":"questionCount","size":4}],[{"name":"status","size":6},{"name":"game","size":6}],[{"name":"questions","size":6},{"name":"cardNumber","size":4}],[{"name":"isActive","size":4},{"name":"sortOrder","size":4}]]},"uid":"api::category.category"}','object',NULL,NULL);
INSERT INTO strapi_core_store_settings VALUES(20,'plugin_content_manager_configuration_content_types::api::game.game','{"settings":{"bulkable":true,"filterable":true,"searchable":true,"pageSize":10,"mainField":"name","defaultSortBy":"name","defaultSortOrder":"ASC"},"metadatas":{"id":{"edit":{},"list":{"label":"id","searchable":true,"sortable":true}},"name":{"edit":{"label":"name","description":"","placeholder":"","visible":true,"editable":true},"list":{"label":"name","searchable":true,"sortable":true}},"description":{"edit":{"label":"description","description":"","placeholder":"","visible":true,"editable":true},"list":{"label":"description","searchable":true,"sortable":true}},"type":{"edit":{"label":"type","description":"","placeholder":"","visible":true,"editable":true},"list":{"label":"type","searchable":true,"sortable":true}},"status":{"edit":{"label":"status","description":"","placeholder":"","visible":true,"editable":true},"list":{"label":"status","searchable":true,"sortable":true}},"thumbnail":{"edit":{"label":"thumbnail","description":"","placeholder":"","visible":true,"editable":true},"list":{"label":"thumbnail","searchable":false,"sortable":false}},"totalQuestions":{"edit":{"label":"totalQuestions","description":"","placeholder":"","visible":true,"editable":true},"list":{"label":"totalQuestions","searchable":true,"sortable":true}},"categories":{"edit":{"label":"categories","description":"","placeholder":"","visible":true,"editable":true,"mainField":"name"},"list":{"label":"categories","searchable":false,"sortable":false}},"questions":{"edit":{"label":"questions","description":"","placeholder":"","visible":true,"editable":true,"mainField":"option1"},"list":{"label":"questions","searchable":false,"sortable":false}},"isActive":{"edit":{"label":"isActive","description":"","placeholder":"","visible":true,"editable":true},"list":{"label":"isActive","searchable":true,"sortable":true}},"sortOrder":{"edit":{"label":"sortOrder","description":"","placeholder":"","visible":true,"editable":true},"list":{"label":"sortOrder","searchable":true,"sortable":true}},"createdAt":{"edit":{"label":"createdAt","description":"","placeholder":"","visible":false,"editable":true},"list":{"label":"createdAt","searchable":true,"sortable":true}},"updatedAt":{"edit":{"label":"updatedAt","description":"","placeholder":"","visible":false,"editable":true},"list":{"label":"updatedAt","searchable":true,"sortable":true}},"createdBy":{"edit":{"label":"createdBy","description":"","placeholder":"","visible":false,"editable":true,"mainField":"firstname"},"list":{"label":"createdBy","searchable":true,"sortable":true}},"updatedBy":{"edit":{"label":"updatedBy","description":"","placeholder":"","visible":false,"editable":true,"mainField":"firstname"},"list":{"label":"updatedBy","searchable":true,"sortable":true}}},"layouts":{"list":["id","name","description","type"],"edit":[[{"name":"name","size":6},{"name":"description","size":6}],[{"name":"type","size":6},{"name":"status","size":6}],[{"name":"thumbnail","size":6},{"name":"totalQuestions","size":4}],[{"name":"categories","size":6},{"name":"questions","size":6}],[{"name":"isActive","size":4},{"name":"sortOrder","size":4}]]},"uid":"api::game.game"}','object',NULL,NULL);
INSERT INTO strapi_core_store_settings VALUES(21,'plugin_content_manager_configuration_content_types::api::question.question','{"settings":{"bulkable":true,"filterable":true,"searchable":true,"pageSize":10,"mainField":"option1","defaultSortBy":"option1","defaultSortOrder":"ASC"},"metadatas":{"id":{"edit":{},"list":{"label":"id","searchable":true,"sortable":true}},"question":{"edit":{"label":"question","description":"","placeholder":"","visible":true,"editable":true},"list":{"label":"question","searchable":true,"sortable":true}},"option1":{"edit":{"label":"option1","description":"","placeholder":"","visible":true,"editable":true},"list":{"label":"option1","searchable":true,"sortable":true}},"option2":{"edit":{"label":"option2","description":"","placeholder":"","visible":true,"editable":true},"list":{"label":"option2","searchable":true,"sortable":true}},"option3":{"edit":{"label":"option3","description":"","placeholder":"","visible":true,"editable":true},"list":{"label":"option3","searchable":true,"sortable":true}},"option4":{"edit":{"label":"option4","description":"","placeholder":"","visible":true,"editable":true},"list":{"label":"option4","searchable":true,"sortable":true}},"correctAnswer":{"edit":{"label":"correctAnswer","description":"","placeholder":"","visible":true,"editable":true},"list":{"label":"correctAnswer","searchable":true,"sortable":true}},"explanation":{"edit":{"label":"explanation","description":"","placeholder":"","visible":true,"editable":true},"list":{"label":"explanation","searchable":true,"sortable":true}},"difficulty":{"edit":{"label":"difficulty","description":"","placeholder":"","visible":true,"editable":true},"list":{"label":"difficulty","searchable":true,"sortable":true}},"tags":{"edit":{"label":"tags","description":"","placeholder":"","visible":true,"editable":true},"list":{"label":"tags","searchable":false,"sortable":false}},"category":{"edit":{"label":"category","description":"","placeholder":"","visible":true,"editable":true,"mainField":"name"},"list":{"label":"category","searchable":true,"sortable":true}},"game":{"edit":{"label":"game","description":"","placeholder":"","visible":true,"editable":true,"mainField":"name"},"list":{"label":"game","searchable":true,"sortable":true}},"isActive":{"edit":{"label":"isActive","description":"","placeholder":"","visible":true,"editable":true},"list":{"label":"isActive","searchable":true,"sortable":true}},"sortOrder":{"edit":{"label":"sortOrder","description":"","placeholder":"","visible":true,"editable":true},"list":{"label":"sortOrder","searchable":true,"sortable":true}},"timesAnswered":{"edit":{"label":"timesAnswered","description":"","placeholder":"","visible":true,"editable":true},"list":{"label":"timesAnswered","searchable":true,"sortable":true}},"timesCorrect":{"edit":{"label":"timesCorrect","description":"","placeholder":"","visible":true,"editable":true},"list":{"label":"timesCorrect","searchable":true,"sortable":true}},"createdAt":{"edit":{"label":"createdAt","description":"","placeholder":"","visible":false,"editable":true},"list":{"label":"createdAt","searchable":true,"sortable":true}},"updatedAt":{"edit":{"label":"updatedAt","description":"","placeholder":"","visible":false,"editable":true},"list":{"label":"updatedAt","searchable":true,"sortable":true}},"createdBy":{"edit":{"label":"createdBy","description":"","placeholder":"","visible":false,"editable":true,"mainField":"firstname"},"list":{"label":"createdBy","searchable":true,"sortable":true}},"updatedBy":{"edit":{"label":"updatedBy","description":"","placeholder":"","visible":false,"editable":true,"mainField":"firstname"},"list":{"label":"updatedBy","searchable":true,"sortable":true}}},"layouts":{"list":["id","question","option1","option2"],"edit":[[{"name":"question","size":6},{"name":"option1","size":6}],[{"name":"option2","size":6},{"name":"option3","size":6}],[{"name":"option4","size":6},{"name":"correctAnswer","size":6}],[{"name":"explanation","size":6},{"name":"difficulty","size":6}],[{"name":"tags","size":12}],[{"name":"category","size":6},{"name":"game","size":6}],[{"name":"isActive","size":4},{"name":"sortOrder","size":4},{"name":"timesAnswered","size":4}],[{"name":"timesCorrect","size":4}]]},"uid":"api::question.question"}','object',NULL,NULL);
INSERT INTO strapi_core_store_settings VALUES(22,'plugin_content_manager_configuration_content_types::api::user.user','{"settings":{"bulkable":true,"filterable":true,"searchable":true,"pageSize":10,"mainField":"username","defaultSortBy":"username","defaultSortOrder":"ASC"},"metadatas":{"id":{"edit":{},"list":{"label":"id","searchable":true,"sortable":true}},"email":{"edit":{"label":"email","description":"","placeholder":"","visible":true,"editable":true},"list":{"label":"email","searchable":true,"sortable":true}},"username":{"edit":{"label":"username","description":"","placeholder":"","visible":true,"editable":true},"list":{"label":"username","searchable":true,"sortable":true}},"subscriptionType":{"edit":{"label":"subscriptionType","description":"","placeholder":"","visible":true,"editable":true},"list":{"label":"subscriptionType","searchable":true,"sortable":true}},"subscriptionExpiry":{"edit":{"label":"subscriptionExpiry","description":"","placeholder":"","visible":true,"editable":true},"list":{"label":"subscriptionExpiry","searchable":true,"sortable":true}},"profile":{"edit":{"label":"profile","description":"","placeholder":"","visible":true,"editable":true},"list":{"label":"profile","searchable":false,"sortable":false}},"gameStats":{"edit":{"label":"gameStats","description":"","placeholder":"","visible":true,"editable":true},"list":{"label":"gameStats","searchable":false,"sortable":false}},"preferences":{"edit":{"label":"preferences","description":"","placeholder":"","visible":true,"editable":true},"list":{"label":"preferences","searchable":false,"sortable":false}},"achievements":{"edit":{"label":"achievements","description":"","placeholder":"","visible":true,"editable":true},"list":{"label":"achievements","searchable":false,"sortable":false}},"lastGamePlayed":{"edit":{"label":"lastGamePlayed","description":"","placeholder":"","visible":true,"editable":true},"list":{"label":"lastGamePlayed","searchable":true,"sortable":true}},"totalScore":{"edit":{"label":"totalScore","description":"","placeholder":"","visible":true,"editable":true},"list":{"label":"totalScore","searchable":true,"sortable":true}},"gamesCompleted":{"edit":{"label":"gamesCompleted","description":"","placeholder":"","visible":true,"editable":true},"list":{"label":"gamesCompleted","searchable":true,"sortable":true}},"isActive":{"edit":{"label":"isActive","description":"","placeholder":"","visible":true,"editable":true},"list":{"label":"isActive","searchable":true,"sortable":true}},"registrationDate":{"edit":{"label":"registrationDate","description":"","placeholder":"","visible":true,"editable":true},"list":{"label":"registrationDate","searchable":true,"sortable":true}},"lastLogin":{"edit":{"label":"lastLogin","description":"","placeholder":"","visible":true,"editable":true},"list":{"label":"lastLogin","searchable":true,"sortable":true}},"createdAt":{"edit":{"label":"createdAt","description":"","placeholder":"","visible":false,"editable":true},"list":{"label":"createdAt","searchable":true,"sortable":true}},"updatedAt":{"edit":{"label":"updatedAt","description":"","placeholder":"","visible":false,"editable":true},"list":{"label":"updatedAt","searchable":true,"sortable":true}},"createdBy":{"edit":{"label":"createdBy","description":"","placeholder":"","visible":false,"editable":true,"mainField":"firstname"},"list":{"label":"createdBy","searchable":true,"sortable":true}},"updatedBy":{"edit":{"label":"updatedBy","description":"","placeholder":"","visible":false,"editable":true,"mainField":"firstname"},"list":{"label":"updatedBy","searchable":true,"sortable":true}}},"layouts":{"list":["id","email","username","subscriptionType"],"edit":[[{"name":"email","size":6},{"name":"username","size":6}],[{"name":"subscriptionType","size":6},{"name":"subscriptionExpiry","size":6}],[{"name":"profile","size":12}],[{"name":"gameStats","size":12}],[{"name":"preferences","size":12}],[{"name":"achievements","size":12}],[{"name":"lastGamePlayed","size":6},{"name":"totalScore","size":4}],[{"name":"gamesCompleted","size":4},{"name":"isActive","size":4}],[{"name":"registrationDate","size":6},{"name":"lastLogin","size":6}]]},"uid":"api::user.user"}','object',NULL,NULL);
INSERT INTO strapi_core_store_settings VALUES(23,'plugin_content_manager_configuration_content_types::api::user-music.user-music','{"settings":{"bulkable":true,"filterable":true,"searchable":true,"pageSize":10,"mainField":"title","defaultSortBy":"title","defaultSortOrder":"ASC"},"metadatas":{"id":{"edit":{},"list":{"label":"id","searchable":true,"sortable":true}},"title":{"edit":{"label":"title","description":"","placeholder":"","visible":true,"editable":true},"list":{"label":"title","searchable":true,"sortable":true}},"audioFile":{"edit":{"label":"audioFile","description":"","placeholder":"","visible":true,"editable":true},"list":{"label":"audioFile","searchable":false,"sortable":false}},"user":{"edit":{"label":"user","description":"","placeholder":"","visible":true,"editable":true,"mainField":"username"},"list":{"label":"user","searchable":true,"sortable":true}},"uploadSlot":{"edit":{"label":"uploadSlot","description":"","placeholder":"","visible":true,"editable":true},"list":{"label":"uploadSlot","searchable":true,"sortable":true}},"isPremiumUser":{"edit":{"label":"isPremiumUser","description":"","placeholder":"","visible":true,"editable":true},"list":{"label":"isPremiumUser","searchable":true,"sortable":true}},"duration":{"edit":{"label":"duration","description":"","placeholder":"","visible":true,"editable":true},"list":{"label":"duration","searchable":true,"sortable":true}},"fileSize":{"edit":{"label":"fileSize","description":"","placeholder":"","visible":true,"editable":true},"list":{"label":"fileSize","searchable":true,"sortable":true}},"isActive":{"edit":{"label":"isActive","description":"","placeholder":"","visible":true,"editable":true},"list":{"label":"isActive","searchable":true,"sortable":true}},"playCount":{"edit":{"label":"playCount","description":"","placeholder":"","visible":true,"editable":true},"list":{"label":"playCount","searchable":true,"sortable":true}},"createdAt":{"edit":{"label":"createdAt","description":"","placeholder":"","visible":false,"editable":true},"list":{"label":"createdAt","searchable":true,"sortable":true}},"updatedAt":{"edit":{"label":"updatedAt","description":"","placeholder":"","visible":false,"editable":true},"list":{"label":"updatedAt","searchable":true,"sortable":true}},"createdBy":{"edit":{"label":"createdBy","description":"","placeholder":"","visible":false,"editable":true,"mainField":"firstname"},"list":{"label":"createdBy","searchable":true,"sortable":true}},"updatedBy":{"edit":{"label":"updatedBy","description":"","placeholder":"","visible":false,"editable":true,"mainField":"firstname"},"list":{"label":"updatedBy","searchable":true,"sortable":true}}},"layouts":{"list":["id","title","audioFile","user"],"edit":[[{"name":"title","size":6},{"name":"audioFile","size":6}],[{"name":"user","size":6},{"name":"uploadSlot","size":4}],[{"name":"isPremiumUser","size":4},{"name":"duration","size":4},{"name":"fileSize","size":4}],[{"name":"isActive","size":4},{"name":"playCount","size":4}]]},"uid":"api::user-music.user-music"}','object',NULL,NULL);
INSERT INTO strapi_core_store_settings VALUES(24,'plugin_upload_settings','{"sizeOptimization":true,"responsiveDimensions":true,"autoOrientation":false}','object',NULL,NULL);
INSERT INTO strapi_core_store_settings VALUES(25,'plugin_upload_view_configuration','{"pageSize":10,"sort":"createdAt:DESC"}','object',NULL,NULL);
INSERT INTO strapi_core_store_settings VALUES(26,'plugin_upload_metrics','{"weeklySchedule":"0 51 1 * * 1","lastWeeklyUpdate":1748825460017}','object',NULL,NULL);
INSERT INTO strapi_core_store_settings VALUES(27,'plugin_documentation_config','{"restrictedAccess":false}','object',NULL,NULL);
INSERT INTO strapi_core_store_settings VALUES(28,'plugin_users-permissions_grant','{"email":{"enabled":true,"icon":"envelope"},"discord":{"enabled":false,"icon":"discord","key":"","secret":"","callback":"api/auth/discord/callback","scope":["identify","email"]},"facebook":{"enabled":false,"icon":"facebook-square","key":"","secret":"","callback":"api/auth/facebook/callback","scope":["email"]},"google":{"enabled":false,"icon":"google","key":"","secret":"","callback":"api/auth/google/callback","scope":["email"]},"github":{"enabled":false,"icon":"github","key":"","secret":"","callback":"api/auth/github/callback","scope":["user","user:email"]},"microsoft":{"enabled":false,"icon":"windows","key":"","secret":"","callback":"api/auth/microsoft/callback","scope":["user.read"]},"twitter":{"enabled":false,"icon":"twitter","key":"","secret":"","callback":"api/auth/twitter/callback"},"instagram":{"enabled":false,"icon":"instagram","key":"","secret":"","callback":"api/auth/instagram/callback","scope":["user_profile"]},"vk":{"enabled":false,"icon":"vk","key":"","secret":"","callback":"api/auth/vk/callback","scope":["email"]},"twitch":{"enabled":false,"icon":"twitch","key":"","secret":"","callback":"api/auth/twitch/callback","scope":["user:read:email"]},"linkedin":{"enabled":false,"icon":"linkedin","key":"","secret":"","callback":"api/auth/linkedin/callback","scope":["r_liteprofile","r_emailaddress"]},"cognito":{"enabled":false,"icon":"aws","key":"","secret":"","subdomain":"my.subdomain.com","callback":"api/auth/cognito/callback","scope":["email","openid","profile"]},"reddit":{"enabled":false,"icon":"reddit","key":"","secret":"","state":true,"callback":"api/auth/reddit/callback","scope":["identity"]},"auth0":{"enabled":false,"icon":"","key":"","secret":"","subdomain":"my-tenant.eu","callback":"api/auth/auth0/callback","scope":["openid","email","profile"]},"cas":{"enabled":false,"icon":"book","key":"","secret":"","callback":"api/auth/cas/callback","scope":["openid email"],"subdomain":"my.subdomain.com/cas"},"patreon":{"enabled":false,"icon":"","key":"","secret":"","callback":"api/auth/patreon/callback","scope":["identity","identity[email]"]},"keycloak":{"enabled":false,"icon":"","key":"","secret":"","subdomain":"myKeycloakProvider.com/realms/myrealm","callback":"api/auth/keycloak/callback","scope":["openid","email","profile"]}}','object',NULL,NULL);
INSERT INTO strapi_core_store_settings VALUES(29,'plugin_users-permissions_email','{"reset_password":{"display":"Email.template.reset_password","icon":"sync","options":{"from":{"name":"Administration Panel","email":"no-reply@strapi.io"},"response_email":"","object":"Reset password","message":"<p>We heard that you lost your password. Sorry about that!</p>\n\n<p>But dont worry! You can use the following link to reset your password:</p>\n<p><%= URL %>?code=<%= TOKEN %></p>\n\n<p>Thanks.</p>"}},"email_confirmation":{"display":"Email.template.email_confirmation","icon":"check-square","options":{"from":{"name":"Administration Panel","email":"no-reply@strapi.io"},"response_email":"","object":"Account confirmation","message":"<p>Thank you for registering!</p>\n\n<p>You have to confirm your email address. Please click on the link below.</p>\n\n<p><%= URL %>?confirmation=<%= CODE %></p>\n\n<p>Thanks.</p>"}}}','object',NULL,NULL);
INSERT INTO strapi_core_store_settings VALUES(30,'plugin_users-permissions_advanced','{"unique_email":true,"allow_register":true,"email_confirmation":false,"email_reset_password":null,"email_confirmation_redirection":null,"default_role":"authenticated"}','object',NULL,NULL);
INSERT INTO strapi_core_store_settings VALUES(31,'core_admin_auth','{"providers":{"autoRegister":false,"defaultRole":null,"ssoLockedRoles":null}}','object',NULL,NULL);
CREATE TABLE `strapi_webhooks` (`id` integer not null primary key autoincrement, `name` varchar(255) null, `url` text null, `headers` json null, `events` json null, `enabled` boolean null);
CREATE TABLE `components_user_profiles` (`id` integer not null primary key autoincrement, `first_name` varchar(255) null, `last_name` varchar(255) null);
CREATE TABLE IF NOT EXISTS "admin_permissions" (`id` integer PRIMARY KEY AUTOINCREMENT NOT NULL, `action` varchar(255) NULL, `action_parameters` json NULL, `subject` varchar(255) NULL, `properties` json NULL, `conditions` json NULL, `created_at` datetime NULL, `updated_at` datetime NULL, `created_by_id` integer NULL, `updated_by_id` integer NULL, CONSTRAINT `admin_permissions_created_by_id_fk` FOREIGN KEY (`created_by_id`) REFERENCES `admin_users` (`id`) ON DELETE SET NULL, CONSTRAINT `admin_permissions_updated_by_id_fk` FOREIGN KEY (`updated_by_id`) REFERENCES `admin_users` (`id`) ON DELETE SET NULL, CONSTRAINT `admin_permissions_created_by_id_fk` FOREIGN KEY (`created_by_id`) REFERENCES `admin_users` (`id`) ON DELETE SET NULL, CONSTRAINT `admin_permissions_updated_by_id_fk` FOREIGN KEY (`updated_by_id`) REFERENCES `admin_users` (`id`) ON DELETE SET NULL);
INSERT INTO admin_permissions VALUES(1,'plugin::content-manager.explorer.create','{}','api::admin-user.admin-user','{"fields":["email","password","permissions","isActive","lastLogin","profilePicture","fullName","adminType","badge"]}','[]',1748825160308,1748851620296,NULL,NULL);
INSERT INTO admin_permissions VALUES(2,'plugin::content-manager.explorer.create','{}','api::background-music.background-music','{"fields":["title","audioFile","duration","isActive","uploadedBy","fileSize","sortOrder","playCount"]}','[]',1748825160312,1748825160312,NULL,NULL);
INSERT INTO admin_permissions VALUES(3,'plugin::content-manager.explorer.create','{}','api::category.category','{"fields":["name","description","difficulty","questionCount","status","game","questions","cardNumber","isActive","sortOrder"]}','[]',1748825160314,1748825160314,NULL,NULL);
INSERT INTO admin_permissions VALUES(4,'plugin::content-manager.explorer.create','{}','api::game.game','{"fields":["name","description","type","status","thumbnail","totalQuestions","categories","questions","isActive","sortOrder"]}','[]',1748825160317,1748825160317,NULL,NULL);
INSERT INTO admin_permissions VALUES(5,'plugin::content-manager.explorer.create','{}','api::question.question','{"fields":["question","option1","option2","option3","option4","correctAnswer","explanation","difficulty","tags","category","game","isActive","sortOrder","timesAnswered","timesCorrect"]}','[]',1748825160321,1748825160321,NULL,NULL);
INSERT INTO admin_permissions VALUES(6,'plugin::content-manager.explorer.create','{}','api::user.user','{"fields":["email","username","subscriptionType","subscriptionExpiry","profile.firstName","profile.lastName","profile.avatar","gameStats","preferences","achievements","lastGamePlayed","totalScore","gamesCompleted","isActive","registrationDate","lastLogin"]}','[]',1748825160325,1748825160325,NULL,NULL);
INSERT INTO admin_permissions VALUES(7,'plugin::content-manager.explorer.create','{}','api::user-music.user-music','{"fields":["title","audioFile","user","uploadSlot","isPremiumUser","duration","fileSize","isActive","playCount"]}','[]',1748825160328,1748825160328,NULL,NULL);
INSERT INTO admin_permissions VALUES(8,'plugin::content-manager.explorer.read','{}','api::admin-user.admin-user','{"fields":["email","password","permissions","isActive","lastLogin","profilePicture","fullName","adminType","badge"]}','[]',1748825160331,1748851620296,NULL,NULL);
INSERT INTO admin_permissions VALUES(9,'plugin::content-manager.explorer.read','{}','api::background-music.background-music','{"fields":["title","audioFile","duration","isActive","uploadedBy","fileSize","sortOrder","playCount"]}','[]',1748825160334,1748825160334,NULL,NULL);
INSERT INTO admin_permissions VALUES(10,'plugin::content-manager.explorer.read','{}','api::category.category','{"fields":["name","description","difficulty","questionCount","status","game","questions","cardNumber","isActive","sortOrder"]}','[]',1748825160336,1748825160336,NULL,NULL);
INSERT INTO admin_permissions VALUES(11,'plugin::content-manager.explorer.read','{}','api::game.game','{"fields":["name","description","type","status","thumbnail","totalQuestions","categories","questions","isActive","sortOrder"]}','[]',1748825160339,1748825160339,NULL,NULL);
INSERT INTO admin_permissions VALUES(12,'plugin::content-manager.explorer.read','{}','api::question.question','{"fields":["question","option1","option2","option3","option4","correctAnswer","explanation","difficulty","tags","category","game","isActive","sortOrder","timesAnswered","timesCorrect"]}','[]',1748825160341,1748825160341,NULL,NULL);
INSERT INTO admin_permissions VALUES(13,'plugin::content-manager.explorer.read','{}','api::user.user','{"fields":["email","username","subscriptionType","subscriptionExpiry","profile.firstName","profile.lastName","profile.avatar","gameStats","preferences","achievements","lastGamePlayed","totalScore","gamesCompleted","isActive","registrationDate","lastLogin"]}','[]',1748825160344,1748825160344,NULL,NULL);
INSERT INTO admin_permissions VALUES(14,'plugin::content-manager.explorer.read','{}','api::user-music.user-music','{"fields":["title","audioFile","user","uploadSlot","isPremiumUser","duration","fileSize","isActive","playCount"]}','[]',1748825160346,1748825160346,NULL,NULL);
INSERT INTO admin_permissions VALUES(15,'plugin::content-manager.explorer.update','{}','api::admin-user.admin-user','{"fields":["email","password","permissions","isActive","lastLogin","profilePicture","fullName","adminType","badge"]}','[]',1748825160349,1748851620296,NULL,NULL);
INSERT INTO admin_permissions VALUES(16,'plugin::content-manager.explorer.update','{}','api::background-music.background-music','{"fields":["title","audioFile","duration","isActive","uploadedBy","fileSize","sortOrder","playCount"]}','[]',1748825160351,1748825160351,NULL,NULL);
INSERT INTO admin_permissions VALUES(17,'plugin::content-manager.explorer.update','{}','api::category.category','{"fields":["name","description","difficulty","questionCount","status","game","questions","cardNumber","isActive","sortOrder"]}','[]',1748825160353,1748825160353,NULL,NULL);
INSERT INTO admin_permissions VALUES(18,'plugin::content-manager.explorer.update','{}','api::game.game','{"fields":["name","description","type","status","thumbnail","totalQuestions","categories","questions","isActive","sortOrder"]}','[]',1748825160355,1748825160355,NULL,NULL);
INSERT INTO admin_permissions VALUES(19,'plugin::content-manager.explorer.update','{}','api::question.question','{"fields":["question","option1","option2","option3","option4","correctAnswer","explanation","difficulty","tags","category","game","isActive","sortOrder","timesAnswered","timesCorrect"]}','[]',1748825160358,1748825160358,NULL,NULL);
INSERT INTO admin_permissions VALUES(20,'plugin::content-manager.explorer.update','{}','api::user.user','{"fields":["email","username","subscriptionType","subscriptionExpiry","profile.firstName","profile.lastName","profile.avatar","gameStats","preferences","achievements","lastGamePlayed","totalScore","gamesCompleted","isActive","registrationDate","lastLogin"]}','[]',1748825160360,1748825160360,NULL,NULL);
INSERT INTO admin_permissions VALUES(21,'plugin::content-manager.explorer.update','{}','api::user-music.user-music','{"fields":["title","audioFile","user","uploadSlot","isPremiumUser","duration","fileSize","isActive","playCount"]}','[]',1748825160363,1748825160363,NULL,NULL);
INSERT INTO admin_permissions VALUES(22,'plugin::content-manager.explorer.delete','{}','api::admin-user.admin-user','{}','[]',1748825160365,1748825160365,NULL,NULL);
INSERT INTO admin_permissions VALUES(23,'plugin::content-manager.explorer.delete','{}','api::background-music.background-music','{}','[]',1748825160369,1748825160369,NULL,NULL);
INSERT INTO admin_permissions VALUES(24,'plugin::content-manager.explorer.delete','{}','api::category.category','{}','[]',1748825160371,1748825160371,NULL,NULL);
INSERT INTO admin_permissions VALUES(25,'plugin::content-manager.explorer.delete','{}','api::game.game','{}','[]',1748825160374,1748825160374,NULL,NULL);
INSERT INTO admin_permissions VALUES(26,'plugin::content-manager.explorer.delete','{}','api::question.question','{}','[]',1748825160377,1748825160377,NULL,NULL);
INSERT INTO admin_permissions VALUES(27,'plugin::content-manager.explorer.delete','{}','api::user.user','{}','[]',1748825160379,1748825160379,NULL,NULL);
INSERT INTO admin_permissions VALUES(28,'plugin::content-manager.explorer.delete','{}','api::user-music.user-music','{}','[]',1748825160381,1748825160381,NULL,NULL);
INSERT INTO admin_permissions VALUES(30,'plugin::content-manager.explorer.publish','{}','api::background-music.background-music','{}','[]',1748825160385,1748825160385,NULL,NULL);
INSERT INTO admin_permissions VALUES(33,'plugin::content-manager.explorer.publish','{}','api::question.question','{}','[]',1748825160391,1748825160391,NULL,NULL);
INSERT INTO admin_permissions VALUES(34,'plugin::content-manager.explorer.publish','{}','api::user.user','{}','[]',1748825160393,1748825160393,NULL,NULL);
INSERT INTO admin_permissions VALUES(35,'plugin::content-manager.explorer.publish','{}','api::user-music.user-music','{}','[]',1748825160395,1748825160395,NULL,NULL);
INSERT INTO admin_permissions VALUES(36,'plugin::upload.read','{}',NULL,'{}','[]',1748825160397,1748825160397,NULL,NULL);
INSERT INTO admin_permissions VALUES(37,'plugin::upload.configure-view','{}',NULL,'{}','[]',1748825160400,1748825160400,NULL,NULL);
INSERT INTO admin_permissions VALUES(38,'plugin::upload.assets.create','{}',NULL,'{}','[]',1748825160402,1748825160402,NULL,NULL);
INSERT INTO admin_permissions VALUES(39,'plugin::upload.assets.update','{}',NULL,'{}','[]',1748825160404,1748825160404,NULL,NULL);
INSERT INTO admin_permissions VALUES(40,'plugin::upload.assets.download','{}',NULL,'{}','[]',1748825160407,1748825160407,NULL,NULL);
INSERT INTO admin_permissions VALUES(41,'plugin::upload.assets.copy-link','{}',NULL,'{}','[]',1748825160409,1748825160409,NULL,NULL);
INSERT INTO admin_permissions VALUES(42,'plugin::content-manager.explorer.create','{}','api::admin-user.admin-user','{"fields":["email","password","permissions","isActive","lastLogin","profilePicture","fullName","adminType","badge"]}','["admin::is-creator"]',1748825160416,1748851620296,NULL,NULL);
INSERT INTO admin_permissions VALUES(43,'plugin::content-manager.explorer.create','{}','api::background-music.background-music','{"fields":["title","audioFile","duration","isActive","uploadedBy","fileSize","sortOrder","playCount"]}','["admin::is-creator"]',1748825160420,1748825160420,NULL,NULL);
INSERT INTO admin_permissions VALUES(44,'plugin::content-manager.explorer.create','{}','api::category.category','{"fields":["name","description","difficulty","questionCount","status","game","questions","cardNumber","isActive","sortOrder"]}','["admin::is-creator"]',1748825160422,1748825160422,NULL,NULL);
INSERT INTO admin_permissions VALUES(45,'plugin::content-manager.explorer.create','{}','api::game.game','{"fields":["name","description","type","status","thumbnail","totalQuestions","categories","questions","isActive","sortOrder"]}','["admin::is-creator"]',1748825160426,1748825160426,NULL,NULL);
INSERT INTO admin_permissions VALUES(46,'plugin::content-manager.explorer.create','{}','api::question.question','{"fields":["question","option1","option2","option3","option4","correctAnswer","explanation","difficulty","tags","category","game","isActive","sortOrder","timesAnswered","timesCorrect"]}','["admin::is-creator"]',1748825160428,1748825160428,NULL,NULL);
INSERT INTO admin_permissions VALUES(47,'plugin::content-manager.explorer.create','{}','api::user.user','{"fields":["email","username","subscriptionType","subscriptionExpiry","profile.firstName","profile.lastName","profile.avatar","gameStats","preferences","achievements","lastGamePlayed","totalScore","gamesCompleted","isActive","registrationDate","lastLogin"]}','["admin::is-creator"]',1748825160431,1748825160431,NULL,NULL);
INSERT INTO admin_permissions VALUES(48,'plugin::content-manager.explorer.create','{}','api::user-music.user-music','{"fields":["title","audioFile","user","uploadSlot","isPremiumUser","duration","fileSize","isActive","playCount"]}','["admin::is-creator"]',1748825160433,1748825160433,NULL,NULL);
INSERT INTO admin_permissions VALUES(49,'plugin::content-manager.explorer.read','{}','api::admin-user.admin-user','{"fields":["email","password","permissions","isActive","lastLogin","profilePicture","fullName","adminType","badge"]}','["admin::is-creator"]',1748825160436,1748851620296,NULL,NULL);
INSERT INTO admin_permissions VALUES(50,'plugin::content-manager.explorer.read','{}','api::background-music.background-music','{"fields":["title","audioFile","duration","isActive","uploadedBy","fileSize","sortOrder","playCount"]}','["admin::is-creator"]',1748825160438,1748825160438,NULL,NULL);
INSERT INTO admin_permissions VALUES(51,'plugin::content-manager.explorer.read','{}','api::category.category','{"fields":["name","description","difficulty","questionCount","status","game","questions","cardNumber","isActive","sortOrder"]}','["admin::is-creator"]',1748825160440,1748825160440,NULL,NULL);
INSERT INTO admin_permissions VALUES(52,'plugin::content-manager.explorer.read','{}','api::game.game','{"fields":["name","description","type","status","thumbnail","totalQuestions","categories","questions","isActive","sortOrder"]}','["admin::is-creator"]',1748825160442,1748825160442,NULL,NULL);
INSERT INTO admin_permissions VALUES(53,'plugin::content-manager.explorer.read','{}','api::question.question','{"fields":["question","option1","option2","option3","option4","correctAnswer","explanation","difficulty","tags","category","game","isActive","sortOrder","timesAnswered","timesCorrect"]}','["admin::is-creator"]',1748825160445,1748825160445,NULL,NULL);
INSERT INTO admin_permissions VALUES(54,'plugin::content-manager.explorer.read','{}','api::user.user','{"fields":["email","username","subscriptionType","subscriptionExpiry","profile.firstName","profile.lastName","profile.avatar","gameStats","preferences","achievements","lastGamePlayed","totalScore","gamesCompleted","isActive","registrationDate","lastLogin"]}','["admin::is-creator"]',1748825160447,1748825160447,NULL,NULL);
INSERT INTO admin_permissions VALUES(55,'plugin::content-manager.explorer.read','{}','api::user-music.user-music','{"fields":["title","audioFile","user","uploadSlot","isPremiumUser","duration","fileSize","isActive","playCount"]}','["admin::is-creator"]',1748825160449,1748825160449,NULL,NULL);
INSERT INTO admin_permissions VALUES(56,'plugin::content-manager.explorer.update','{}','api::admin-user.admin-user','{"fields":["email","password","permissions","isActive","lastLogin","profilePicture","fullName","adminType","badge"]}','["admin::is-creator"]',1748825160452,1748851620296,NULL,NULL);
INSERT INTO admin_permissions VALUES(57,'plugin::content-manager.explorer.update','{}','api::background-music.background-music','{"fields":["title","audioFile","duration","isActive","uploadedBy","fileSize","sortOrder","playCount"]}','["admin::is-creator"]',1748825160454,1748825160454,NULL,NULL);
INSERT INTO admin_permissions VALUES(58,'plugin::content-manager.explorer.update','{}','api::category.category','{"fields":["name","description","difficulty","questionCount","status","game","questions","cardNumber","isActive","sortOrder"]}','["admin::is-creator"]',1748825160456,1748825160456,NULL,NULL);
INSERT INTO admin_permissions VALUES(59,'plugin::content-manager.explorer.update','{}','api::game.game','{"fields":["name","description","type","status","thumbnail","totalQuestions","categories","questions","isActive","sortOrder"]}','["admin::is-creator"]',1748825160458,1748825160458,NULL,NULL);
INSERT INTO admin_permissions VALUES(60,'plugin::content-manager.explorer.update','{}','api::question.question','{"fields":["question","option1","option2","option3","option4","correctAnswer","explanation","difficulty","tags","category","game","isActive","sortOrder","timesAnswered","timesCorrect"]}','["admin::is-creator"]',1748825160461,1748825160461,NULL,NULL);
INSERT INTO admin_permissions VALUES(61,'plugin::content-manager.explorer.update','{}','api::user.user','{"fields":["email","username","subscriptionType","subscriptionExpiry","profile.firstName","profile.lastName","profile.avatar","gameStats","preferences","achievements","lastGamePlayed","totalScore","gamesCompleted","isActive","registrationDate","lastLogin"]}','["admin::is-creator"]',1748825160463,1748825160463,NULL,NULL);
INSERT INTO admin_permissions VALUES(62,'plugin::content-manager.explorer.update','{}','api::user-music.user-music','{"fields":["title","audioFile","user","uploadSlot","isPremiumUser","duration","fileSize","isActive","playCount"]}','["admin::is-creator"]',1748825160465,1748825160465,NULL,NULL);
INSERT INTO admin_permissions VALUES(63,'plugin::content-manager.explorer.delete','{}','api::admin-user.admin-user','{}','["admin::is-creator"]',1748825160468,1748825160468,NULL,NULL);
INSERT INTO admin_permissions VALUES(64,'plugin::content-manager.explorer.delete','{}','api::background-music.background-music','{}','["admin::is-creator"]',1748825160472,1748825160472,NULL,NULL);
INSERT INTO admin_permissions VALUES(65,'plugin::content-manager.explorer.delete','{}','api::category.category','{}','["admin::is-creator"]',1748825160474,1748825160474,NULL,NULL);
INSERT INTO admin_permissions VALUES(66,'plugin::content-manager.explorer.delete','{}','api::game.game','{}','["admin::is-creator"]',1748825160477,1748825160477,NULL,NULL);
INSERT INTO admin_permissions VALUES(67,'plugin::content-manager.explorer.delete','{}','api::question.question','{}','["admin::is-creator"]',1748825160479,1748825160479,NULL,NULL);
INSERT INTO admin_permissions VALUES(68,'plugin::content-manager.explorer.delete','{}','api::user.user','{}','["admin::is-creator"]',1748825160481,1748825160481,NULL,NULL);
INSERT INTO admin_permissions VALUES(69,'plugin::content-manager.explorer.delete','{}','api::user-music.user-music','{}','["admin::is-creator"]',1748825160483,1748825160483,NULL,NULL);
INSERT INTO admin_permissions VALUES(70,'plugin::upload.read','{}',NULL,'{}','["admin::is-creator"]',1748825160485,1748825160485,NULL,NULL);
INSERT INTO admin_permissions VALUES(71,'plugin::upload.configure-view','{}',NULL,'{}','[]',1748825160487,1748825160487,NULL,NULL);
INSERT INTO admin_permissions VALUES(72,'plugin::upload.assets.create','{}',NULL,'{}','[]',1748825160489,1748825160489,NULL,NULL);
INSERT INTO admin_permissions VALUES(73,'plugin::upload.assets.update','{}',NULL,'{}','["admin::is-creator"]',1748825160491,1748825160491,NULL,NULL);
INSERT INTO admin_permissions VALUES(74,'plugin::upload.assets.download','{}',NULL,'{}','[]',1748825160493,1748825160493,NULL,NULL);
INSERT INTO admin_permissions VALUES(75,'plugin::upload.assets.copy-link','{}',NULL,'{}','[]',1748825160495,1748825160495,NULL,NULL);
INSERT INTO admin_permissions VALUES(78,'plugin::content-manager.explorer.create','{}','api::background-music.background-music','{"fields":["title","audioFile","duration","isActive","uploadedBy","fileSize","sortOrder","playCount"]}','[]',1748825160518,1748825160518,NULL,NULL);
INSERT INTO admin_permissions VALUES(79,'plugin::content-manager.explorer.create','{}','api::category.category','{"fields":["name","description","difficulty","questionCount","status","game","questions","cardNumber","isActive","sortOrder"]}','[]',1748825160520,1748825160520,NULL,NULL);
INSERT INTO admin_permissions VALUES(80,'plugin::content-manager.explorer.create','{}','api::game.game','{"fields":["name","description","type","status","thumbnail","totalQuestions","categories","questions","isActive","sortOrder"]}','[]',1748825160525,1748825160525,NULL,NULL);
INSERT INTO admin_permissions VALUES(81,'plugin::content-manager.explorer.create','{}','api::question.question','{"fields":["question","option1","option2","option3","option4","correctAnswer","explanation","difficulty","tags","category","game","isActive","sortOrder","timesAnswered","timesCorrect"]}','[]',1748825160527,1748825160527,NULL,NULL);
INSERT INTO admin_permissions VALUES(82,'plugin::content-manager.explorer.create','{}','api::user.user','{"fields":["email","username","subscriptionType","subscriptionExpiry","profile.firstName","profile.lastName","profile.avatar","gameStats","preferences","achievements","lastGamePlayed","totalScore","gamesCompleted","isActive","registrationDate","lastLogin"]}','[]',1748825160530,1748825160530,NULL,NULL);
INSERT INTO admin_permissions VALUES(83,'plugin::content-manager.explorer.create','{}','api::user-music.user-music','{"fields":["title","audioFile","user","uploadSlot","isPremiumUser","duration","fileSize","isActive","playCount"]}','[]',1748825160532,1748825160532,NULL,NULL);
INSERT INTO admin_permissions VALUES(86,'plugin::content-manager.explorer.read','{}','api::background-music.background-music','{"fields":["title","audioFile","duration","isActive","uploadedBy","fileSize","sortOrder","playCount"]}','[]',1748825160539,1748825160539,NULL,NULL);
INSERT INTO admin_permissions VALUES(87,'plugin::content-manager.explorer.read','{}','api::category.category','{"fields":["name","description","difficulty","questionCount","status","game","questions","cardNumber","isActive","sortOrder"]}','[]',1748825160541,1748825160541,NULL,NULL);
INSERT INTO admin_permissions VALUES(88,'plugin::content-manager.explorer.read','{}','api::game.game','{"fields":["name","description","type","status","thumbnail","totalQuestions","categories","questions","isActive","sortOrder"]}','[]',1748825160543,1748825160543,NULL,NULL);
INSERT INTO admin_permissions VALUES(89,'plugin::content-manager.explorer.read','{}','api::question.question','{"fields":["question","option1","option2","option3","option4","correctAnswer","explanation","difficulty","tags","category","game","isActive","sortOrder","timesAnswered","timesCorrect"]}','[]',1748825160546,1748825160546,NULL,NULL);
INSERT INTO admin_permissions VALUES(90,'plugin::content-manager.explorer.read','{}','api::user.user','{"fields":["email","username","subscriptionType","subscriptionExpiry","profile.firstName","profile.lastName","profile.avatar","gameStats","preferences","achievements","lastGamePlayed","totalScore","gamesCompleted","isActive","registrationDate","lastLogin"]}','[]',1748825160548,1748825160548,NULL,NULL);
INSERT INTO admin_permissions VALUES(91,'plugin::content-manager.explorer.read','{}','api::user-music.user-music','{"fields":["title","audioFile","user","uploadSlot","isPremiumUser","duration","fileSize","isActive","playCount"]}','[]',1748825160550,1748825160550,NULL,NULL);
INSERT INTO admin_permissions VALUES(94,'plugin::content-manager.explorer.update','{}','api::background-music.background-music','{"fields":["title","audioFile","duration","isActive","uploadedBy","fileSize","sortOrder","playCount"]}','[]',1748825160557,1748825160557,NULL,NULL);
INSERT INTO admin_permissions VALUES(95,'plugin::content-manager.explorer.update','{}','api::category.category','{"fields":["name","description","difficulty","questionCount","status","game","questions","cardNumber","isActive","sortOrder"]}','[]',1748825160559,1748825160559,NULL,NULL);
INSERT INTO admin_permissions VALUES(96,'plugin::content-manager.explorer.update','{}','api::game.game','{"fields":["name","description","type","status","thumbnail","totalQuestions","categories","questions","isActive","sortOrder"]}','[]',1748825160562,1748825160562,NULL,NULL);
INSERT INTO admin_permissions VALUES(97,'plugin::content-manager.explorer.update','{}','api::question.question','{"fields":["question","option1","option2","option3","option4","correctAnswer","explanation","difficulty","tags","category","game","isActive","sortOrder","timesAnswered","timesCorrect"]}','[]',1748825160564,1748825160564,NULL,NULL);
INSERT INTO admin_permissions VALUES(98,'plugin::content-manager.explorer.update','{}','api::user.user','{"fields":["email","username","subscriptionType","subscriptionExpiry","profile.firstName","profile.lastName","profile.avatar","gameStats","preferences","achievements","lastGamePlayed","totalScore","gamesCompleted","isActive","registrationDate","lastLogin"]}','[]',1748825160566,1748825160566,NULL,NULL);
INSERT INTO admin_permissions VALUES(99,'plugin::content-manager.explorer.update','{}','api::user-music.user-music','{"fields":["title","audioFile","user","uploadSlot","isPremiumUser","duration","fileSize","isActive","playCount"]}','[]',1748825160568,1748825160568,NULL,NULL);
INSERT INTO admin_permissions VALUES(100,'plugin::content-manager.explorer.delete','{}','plugin::users-permissions.user','{}','[]',1748825160570,1748825160570,NULL,NULL);
INSERT INTO admin_permissions VALUES(101,'plugin::content-manager.explorer.delete','{}','api::admin-user.admin-user','{}','[]',1748825160573,1748825160573,NULL,NULL);
INSERT INTO admin_permissions VALUES(102,'plugin::content-manager.explorer.delete','{}','api::background-music.background-music','{}','[]',1748825160575,1748825160575,NULL,NULL);
INSERT INTO admin_permissions VALUES(103,'plugin::content-manager.explorer.delete','{}','api::category.category','{}','[]',1748825160577,1748825160577,NULL,NULL);
INSERT INTO admin_permissions VALUES(104,'plugin::content-manager.explorer.delete','{}','api::game.game','{}','[]',1748825160579,1748825160579,NULL,NULL);
INSERT INTO admin_permissions VALUES(105,'plugin::content-manager.explorer.delete','{}','api::question.question','{}','[]',1748825160581,1748825160581,NULL,NULL);
INSERT INTO admin_permissions VALUES(106,'plugin::content-manager.explorer.delete','{}','api::user.user','{}','[]',1748825160584,1748825160584,NULL,NULL);
INSERT INTO admin_permissions VALUES(107,'plugin::content-manager.explorer.delete','{}','api::user-music.user-music','{}','[]',1748825160586,1748825160586,NULL,NULL);
INSERT INTO admin_permissions VALUES(109,'plugin::content-manager.explorer.publish','{}','api::background-music.background-music','{}','[]',1748825160590,1748825160590,NULL,NULL);
INSERT INTO admin_permissions VALUES(112,'plugin::content-manager.explorer.publish','{}','api::question.question','{}','[]',1748825160596,1748825160596,NULL,NULL);
INSERT INTO admin_permissions VALUES(113,'plugin::content-manager.explorer.publish','{}','api::user.user','{}','[]',1748825160598,1748825160598,NULL,NULL);
INSERT INTO admin_permissions VALUES(114,'plugin::content-manager.explorer.publish','{}','api::user-music.user-music','{}','[]',1748825160600,1748825160600,NULL,NULL);
INSERT INTO admin_permissions VALUES(115,'plugin::content-manager.single-types.configure-view','{}',NULL,'{}','[]',1748825160602,1748825160602,NULL,NULL);
INSERT INTO admin_permissions VALUES(116,'plugin::content-manager.collection-types.configure-view','{}',NULL,'{}','[]',1748825160604,1748825160604,NULL,NULL);
INSERT INTO admin_permissions VALUES(117,'plugin::content-manager.components.configure-layout','{}',NULL,'{}','[]',1748825160607,1748825160607,NULL,NULL);
INSERT INTO admin_permissions VALUES(118,'plugin::content-type-builder.read','{}',NULL,'{}','[]',1748825160609,1748825160609,NULL,NULL);
INSERT INTO admin_permissions VALUES(119,'plugin::email.settings.read','{}',NULL,'{}','[]',1748825160611,1748825160611,NULL,NULL);
INSERT INTO admin_permissions VALUES(120,'plugin::upload.read','{}',NULL,'{}','[]',1748825160613,1748825160613,NULL,NULL);
INSERT INTO admin_permissions VALUES(121,'plugin::upload.assets.create','{}',NULL,'{}','[]',1748825160615,1748825160615,NULL,NULL);
INSERT INTO admin_permissions VALUES(122,'plugin::upload.assets.update','{}',NULL,'{}','[]',1748825160617,1748825160617,NULL,NULL);
INSERT INTO admin_permissions VALUES(123,'plugin::upload.assets.download','{}',NULL,'{}','[]',1748825160620,1748825160620,NULL,NULL);
INSERT INTO admin_permissions VALUES(124,'plugin::upload.assets.copy-link','{}',NULL,'{}','[]',1748825160622,1748825160622,NULL,NULL);
INSERT INTO admin_permissions VALUES(125,'plugin::upload.configure-view','{}',NULL,'{}','[]',1748825160624,1748825160624,NULL,NULL);
INSERT INTO admin_permissions VALUES(126,'plugin::upload.settings.read','{}',NULL,'{}','[]',1748825160626,1748825160626,NULL,NULL);
INSERT INTO admin_permissions VALUES(127,'plugin::documentation.read','{}',NULL,'{}','[]',1748825160628,1748825160628,NULL,NULL);
INSERT INTO admin_permissions VALUES(128,'plugin::documentation.settings.update','{}',NULL,'{}','[]',1748825160630,1748825160630,NULL,NULL);
INSERT INTO admin_permissions VALUES(129,'plugin::documentation.settings.regenerate','{}',NULL,'{}','[]',1748825160632,1748825160632,NULL,NULL);
INSERT INTO admin_permissions VALUES(130,'plugin::documentation.settings.read','{}',NULL,'{}','[]',1748825160634,1748825160634,NULL,NULL);
INSERT INTO admin_permissions VALUES(131,'plugin::users-permissions.roles.create','{}',NULL,'{}','[]',1748825160636,1748825160636,NULL,NULL);
INSERT INTO admin_permissions VALUES(132,'plugin::users-permissions.roles.read','{}',NULL,'{}','[]',1748825160638,1748825160638,NULL,NULL);
INSERT INTO admin_permissions VALUES(133,'plugin::users-permissions.roles.update','{}',NULL,'{}','[]',1748825160640,1748825160640,NULL,NULL);
INSERT INTO admin_permissions VALUES(134,'plugin::users-permissions.roles.delete','{}',NULL,'{}','[]',1748825160642,1748825160642,NULL,NULL);
INSERT INTO admin_permissions VALUES(135,'plugin::users-permissions.providers.read','{}',NULL,'{}','[]',1748825160644,1748825160644,NULL,NULL);
INSERT INTO admin_permissions VALUES(136,'plugin::users-permissions.providers.update','{}',NULL,'{}','[]',1748825160646,1748825160646,NULL,NULL);
INSERT INTO admin_permissions VALUES(137,'plugin::users-permissions.email-templates.read','{}',NULL,'{}','[]',1748825160648,1748825160648,NULL,NULL);
INSERT INTO admin_permissions VALUES(138,'plugin::users-permissions.email-templates.update','{}',NULL,'{}','[]',1748825160650,1748825160650,NULL,NULL);
INSERT INTO admin_permissions VALUES(139,'plugin::users-permissions.advanced-settings.read','{}',NULL,'{}','[]',1748825160652,1748825160652,NULL,NULL);
INSERT INTO admin_permissions VALUES(140,'plugin::users-permissions.advanced-settings.update','{}',NULL,'{}','[]',1748825160654,1748825160654,NULL,NULL);
INSERT INTO admin_permissions VALUES(141,'admin::marketplace.read','{}',NULL,'{}','[]',1748825160656,1748825160656,NULL,NULL);
INSERT INTO admin_permissions VALUES(142,'admin::webhooks.create','{}',NULL,'{}','[]',1748825160658,1748825160658,NULL,NULL);
INSERT INTO admin_permissions VALUES(143,'admin::webhooks.read','{}',NULL,'{}','[]',1748825160660,1748825160660,NULL,NULL);
INSERT INTO admin_permissions VALUES(144,'admin::webhooks.update','{}',NULL,'{}','[]',1748825160662,1748825160662,NULL,NULL);
INSERT INTO admin_permissions VALUES(145,'admin::webhooks.delete','{}',NULL,'{}','[]',1748825160664,1748825160664,NULL,NULL);
INSERT INTO admin_permissions VALUES(146,'admin::users.create','{}',NULL,'{}','[]',1748825160666,1748825160666,NULL,NULL);
INSERT INTO admin_permissions VALUES(147,'admin::users.read','{}',NULL,'{}','[]',1748825160668,1748825160668,NULL,NULL);
INSERT INTO admin_permissions VALUES(148,'admin::users.update','{}',NULL,'{}','[]',1748825160670,1748825160670,NULL,NULL);
INSERT INTO admin_permissions VALUES(149,'admin::users.delete','{}',NULL,'{}','[]',1748825160672,1748825160672,NULL,NULL);
INSERT INTO admin_permissions VALUES(150,'admin::roles.create','{}',NULL,'{}','[]',1748825160674,1748825160674,NULL,NULL);
INSERT INTO admin_permissions VALUES(151,'admin::roles.read','{}',NULL,'{}','[]',1748825160676,1748825160676,NULL,NULL);
INSERT INTO admin_permissions VALUES(152,'admin::roles.update','{}',NULL,'{}','[]',1748825160678,1748825160678,NULL,NULL);
INSERT INTO admin_permissions VALUES(153,'admin::roles.delete','{}',NULL,'{}','[]',1748825160680,1748825160680,NULL,NULL);
INSERT INTO admin_permissions VALUES(154,'admin::api-tokens.access','{}',NULL,'{}','[]',1748825160682,1748825160682,NULL,NULL);
INSERT INTO admin_permissions VALUES(155,'admin::api-tokens.create','{}',NULL,'{}','[]',1748825160684,1748825160684,NULL,NULL);
INSERT INTO admin_permissions VALUES(156,'admin::api-tokens.read','{}',NULL,'{}','[]',1748825160686,1748825160686,NULL,NULL);
INSERT INTO admin_permissions VALUES(157,'admin::api-tokens.update','{}',NULL,'{}','[]',1748825160690,1748825160690,NULL,NULL);
INSERT INTO admin_permissions VALUES(158,'admin::api-tokens.regenerate','{}',NULL,'{}','[]',1748825160692,1748825160692,NULL,NULL);
INSERT INTO admin_permissions VALUES(159,'admin::api-tokens.delete','{}',NULL,'{}','[]',1748825160694,1748825160694,NULL,NULL);
INSERT INTO admin_permissions VALUES(160,'admin::project-settings.update','{}',NULL,'{}','[]',1748825160698,1748825160698,NULL,NULL);
INSERT INTO admin_permissions VALUES(161,'admin::project-settings.read','{}',NULL,'{}','[]',1748825160700,1748825160700,NULL,NULL);
INSERT INTO admin_permissions VALUES(162,'admin::transfer.tokens.access','{}',NULL,'{}','[]',1748825160702,1748825160702,NULL,NULL);
INSERT INTO admin_permissions VALUES(163,'admin::transfer.tokens.create','{}',NULL,'{}','[]',1748825160704,1748825160704,NULL,NULL);
INSERT INTO admin_permissions VALUES(164,'admin::transfer.tokens.read','{}',NULL,'{}','[]',1748825160707,1748825160707,NULL,NULL);
INSERT INTO admin_permissions VALUES(165,'admin::transfer.tokens.update','{}',NULL,'{}','[]',1748825160709,1748825160709,NULL,NULL);
INSERT INTO admin_permissions VALUES(166,'admin::transfer.tokens.regenerate','{}',NULL,'{}','[]',1748825160711,1748825160711,NULL,NULL);
INSERT INTO admin_permissions VALUES(167,'admin::transfer.tokens.delete','{}',NULL,'{}','[]',1748825160713,1748825160713,NULL,NULL);
INSERT INTO admin_permissions VALUES(168,'plugin::content-manager.explorer.create','{}','api::admin-user.admin-user','{"fields":["email","password","fullName","adminType","badge","permissions","isActive","lastLogin","sessionToken","profilePicture"]}','[]',1748851620207,1748851620207,NULL,NULL);
INSERT INTO admin_permissions VALUES(169,'plugin::content-manager.explorer.read','{}','api::admin-user.admin-user','{"fields":["email","password","fullName","adminType","badge","permissions","isActive","lastLogin","sessionToken","profilePicture"]}','[]',1748851620216,1748851620216,NULL,NULL);
INSERT INTO admin_permissions VALUES(170,'plugin::content-manager.explorer.update','{}','api::admin-user.admin-user','{"fields":["email","password","fullName","adminType","badge","permissions","isActive","lastLogin","sessionToken","profilePicture"]}','[]',1748851620221,1748851620221,NULL,NULL);
INSERT INTO admin_permissions VALUES(174,'plugin::content-manager.explorer.create','{}','plugin::users-permissions.user','{"fields":["username","email","provider","password","resetPasswordToken","confirmationToken","confirmed","blocked","role","subscriptionStatus","premiumExpiry","fullName","phone","address"]}','[]',1748987909071,1748987909071,NULL,NULL);
INSERT INTO admin_permissions VALUES(175,'plugin::content-manager.explorer.read','{}','plugin::users-permissions.user','{"fields":["username","email","provider","password","resetPasswordToken","confirmationToken","confirmed","blocked","role","subscriptionStatus","premiumExpiry","fullName","phone","address"]}','[]',1748987909076,1748987909076,NULL,NULL);
INSERT INTO admin_permissions VALUES(176,'plugin::content-manager.explorer.update','{}','plugin::users-permissions.user','{"fields":["username","email","provider","password","resetPasswordToken","confirmationToken","confirmed","blocked","role","subscriptionStatus","premiumExpiry","fullName","phone","address"]}','[]',1748987909079,1748987909079,NULL,NULL);
CREATE TABLE IF NOT EXISTS "admin_users" (`id` integer PRIMARY KEY AUTOINCREMENT NOT NULL, `firstname` varchar(255) NULL, `lastname` varchar(255) NULL, `username` varchar(255) NULL, `email` varchar(255) NULL, `password` varchar(255) NULL, `reset_password_token` varchar(255) NULL, `registration_token` varchar(255) NULL, `is_active` boolean NULL, `blocked` boolean NULL, `prefered_language` varchar(255) NULL, `created_at` datetime NULL, `updated_at` datetime NULL, `created_by_id` integer NULL, `updated_by_id` integer NULL, CONSTRAINT `admin_users_created_by_id_fk` FOREIGN KEY (`created_by_id`) REFERENCES `admin_users` (`id`) ON DELETE SET NULL, CONSTRAINT `admin_users_updated_by_id_fk` FOREIGN KEY (`updated_by_id`) REFERENCES `admin_users` (`id`) ON DELETE SET NULL, CONSTRAINT `admin_users_created_by_id_fk` FOREIGN KEY (`created_by_id`) REFERENCES `admin_users` (`id`) ON DELETE SET NULL, CONSTRAINT `admin_users_updated_by_id_fk` FOREIGN KEY (`updated_by_id`) REFERENCES `admin_users` (`id`) ON DELETE SET NULL);
INSERT INTO admin_users VALUES(1,'Ayo','Ogunrekun',NULL,'ayoola@ayoola.me','$2a$10$amgnrmeTmQvdp5UbnTKl1.HVHn0ilApI/0wFa9j2rVPfpJyqTF8X6',NULL,NULL,1,0,NULL,1748825264745,1748825264745,NULL,NULL);
INSERT INTO admin_users VALUES(2,'Ayo','Ogunrekun',NULL,'admin@elitegames.com','$2a$10$HzyMvnyEKpGUolTcb0uA9ulPbR4wu.MLz9LADdehjxMxhJs3TumOG',NULL,NULL,1,0,NULL,1748942443873,1748943257200,NULL,NULL);
INSERT INTO admin_users VALUES(3,'Ayo','Ogunrekun','superadmin@elitegames.com','superadmin@elitegames.com','$2a$10$FdM6kpP1nGvDeIDeSRxP6esGPYypcCtUWGTD8UtINbJ/DVKzBxMAy',NULL,NULL,1,0,NULL,1748943363308,1748983291349,NULL,NULL);
INSERT INTO admin_users VALUES(4,'Dev','Ogunrekun',NULL,'dev@elitegames.com','$2a$10$A8L8FP8jk.CoV7uxXdy4.umQEuB.idnODEuL9PJbloXeMYxea2O4S',NULL,NULL,1,0,NULL,1748943421719,1748943421719,NULL,NULL);
INSERT INTO admin_users VALUES(5,'Content','Ogunrekun',NULL,'content@elitegames.com','$2a$10$NKodpy.XHWTaqAnCtU36/.wsCqFgf1DkPj.WaKsxKpciYfMqufLCC',NULL,NULL,1,0,NULL,1748943498434,1748943498434,NULL,NULL);
INSERT INTO admin_users VALUES(6,'Demo','Admin',NULL,'demo@admin.com','$2a$10$5OpMkuUEKCGKc9AOylehUepbF4wc8HtKUeqLpLV9zAJzP.0RB0fXe',NULL,NULL,1,0,NULL,1748983115934,1748983115934,NULL,NULL);
CREATE TABLE IF NOT EXISTS "admin_roles" (`id` integer PRIMARY KEY AUTOINCREMENT NOT NULL, `name` varchar(255) NULL, `code` varchar(255) NULL, `description` varchar(255) NULL, `created_at` datetime NULL, `updated_at` datetime NULL, `created_by_id` integer NULL, `updated_by_id` integer NULL, CONSTRAINT `admin_roles_created_by_id_fk` FOREIGN KEY (`created_by_id`) REFERENCES `admin_users` (`id`) ON DELETE SET NULL, CONSTRAINT `admin_roles_updated_by_id_fk` FOREIGN KEY (`updated_by_id`) REFERENCES `admin_users` (`id`) ON DELETE SET NULL, CONSTRAINT `admin_roles_created_by_id_fk` FOREIGN KEY (`created_by_id`) REFERENCES `admin_users` (`id`) ON DELETE SET NULL, CONSTRAINT `admin_roles_updated_by_id_fk` FOREIGN KEY (`updated_by_id`) REFERENCES `admin_users` (`id`) ON DELETE SET NULL);
INSERT INTO admin_roles VALUES(1,'Super Admin','strapi-super-admin','Super Admins can access and manage all features and settings.',1748825160291,1748825160291,NULL,NULL);
INSERT INTO admin_roles VALUES(2,'Editor','strapi-editor','Editors can manage and publish contents including those of other users.',1748825160295,1748825160295,NULL,NULL);
INSERT INTO admin_roles VALUES(3,'Author','strapi-author','Authors can manage the content they have created.',1748825160297,1748825160297,NULL,NULL);
CREATE TABLE IF NOT EXISTS "strapi_api_tokens" (`id` integer PRIMARY KEY AUTOINCREMENT NOT NULL, `name` varchar(255) NULL, `description` varchar(255) NULL, `type` varchar(255) NULL, `access_key` varchar(255) NULL, `last_used_at` datetime NULL, `expires_at` datetime NULL, `lifespan` bigint NULL, `created_at` datetime NULL, `updated_at` datetime NULL, `created_by_id` integer NULL, `updated_by_id` integer NULL, CONSTRAINT `strapi_api_tokens_created_by_id_fk` FOREIGN KEY (`created_by_id`) REFERENCES `admin_users` (`id`) ON DELETE SET NULL, CONSTRAINT `strapi_api_tokens_updated_by_id_fk` FOREIGN KEY (`updated_by_id`) REFERENCES `admin_users` (`id`) ON DELETE SET NULL, CONSTRAINT `strapi_api_tokens_created_by_id_fk` FOREIGN KEY (`created_by_id`) REFERENCES `admin_users` (`id`) ON DELETE SET NULL, CONSTRAINT `strapi_api_tokens_updated_by_id_fk` FOREIGN KEY (`updated_by_id`) REFERENCES `admin_users` (`id`) ON DELETE SET NULL);
INSERT INTO strapi_api_tokens VALUES(1,'Frontend Development','Token for Next.js frontend','full-access','38d403c36d80da37c599b4f64d2b368718bffd3580d607646fc6fe68a37b69c1129a222e72e007c113d1898ee57a76dabe61cd06e658568a8ace612ad888d54d',NULL,NULL,NULL,1748825446827,1748825446827,NULL,NULL);
INSERT INTO strapi_api_tokens VALUES(2,'Admin Operations','Token for admin dashboard operations','full-access','6c3fed1b1ff440d3de99126323ac218f3a44e9d0f0306c64820e02d8f461b65ad7cdd473fa80197afc6738f84b487e9a74fbcc2057b72afcd15156356f9ed568',NULL,NULL,NULL,1748825496126,1748825496126,NULL,NULL);
CREATE TABLE IF NOT EXISTS "strapi_api_token_permissions" (`id` integer PRIMARY KEY AUTOINCREMENT NOT NULL, `action` varchar(255) NULL, `created_at` datetime NULL, `updated_at` datetime NULL, `created_by_id` integer NULL, `updated_by_id` integer NULL, CONSTRAINT `strapi_api_token_permissions_created_by_id_fk` FOREIGN KEY (`created_by_id`) REFERENCES `admin_users` (`id`) ON DELETE SET NULL, CONSTRAINT `strapi_api_token_permissions_updated_by_id_fk` FOREIGN KEY (`updated_by_id`) REFERENCES `admin_users` (`id`) ON DELETE SET NULL, CONSTRAINT `strapi_api_token_permissions_created_by_id_fk` FOREIGN KEY (`created_by_id`) REFERENCES `admin_users` (`id`) ON DELETE SET NULL, CONSTRAINT `strapi_api_token_permissions_updated_by_id_fk` FOREIGN KEY (`updated_by_id`) REFERENCES `admin_users` (`id`) ON DELETE SET NULL);
CREATE TABLE IF NOT EXISTS "strapi_transfer_tokens" (`id` integer PRIMARY KEY AUTOINCREMENT NOT NULL, `name` varchar(255) NULL, `description` varchar(255) NULL, `access_key` varchar(255) NULL, `last_used_at` datetime NULL, `expires_at` datetime NULL, `lifespan` bigint NULL, `created_at` datetime NULL, `updated_at` datetime NULL, `created_by_id` integer NULL, `updated_by_id` integer NULL, CONSTRAINT `strapi_transfer_tokens_created_by_id_fk` FOREIGN KEY (`created_by_id`) REFERENCES `admin_users` (`id`) ON DELETE SET NULL, CONSTRAINT `strapi_transfer_tokens_updated_by_id_fk` FOREIGN KEY (`updated_by_id`) REFERENCES `admin_users` (`id`) ON DELETE SET NULL, CONSTRAINT `strapi_transfer_tokens_created_by_id_fk` FOREIGN KEY (`created_by_id`) REFERENCES `admin_users` (`id`) ON DELETE SET NULL, CONSTRAINT `strapi_transfer_tokens_updated_by_id_fk` FOREIGN KEY (`updated_by_id`) REFERENCES `admin_users` (`id`) ON DELETE SET NULL);
CREATE TABLE IF NOT EXISTS "strapi_transfer_token_permissions" (`id` integer PRIMARY KEY AUTOINCREMENT NOT NULL, `action` varchar(255) NULL, `created_at` datetime NULL, `updated_at` datetime NULL, `created_by_id` integer NULL, `updated_by_id` integer NULL, CONSTRAINT `strapi_transfer_token_permissions_created_by_id_fk` FOREIGN KEY (`created_by_id`) REFERENCES `admin_users` (`id`) ON DELETE SET NULL, CONSTRAINT `strapi_transfer_token_permissions_updated_by_id_fk` FOREIGN KEY (`updated_by_id`) REFERENCES `admin_users` (`id`) ON DELETE SET NULL, CONSTRAINT `strapi_transfer_token_permissions_created_by_id_fk` FOREIGN KEY (`created_by_id`) REFERENCES `admin_users` (`id`) ON DELETE SET NULL, CONSTRAINT `strapi_transfer_token_permissions_updated_by_id_fk` FOREIGN KEY (`updated_by_id`) REFERENCES `admin_users` (`id`) ON DELETE SET NULL);
CREATE TABLE IF NOT EXISTS "files" (`id` integer PRIMARY KEY AUTOINCREMENT NOT NULL, `name` varchar(255) NULL, `alternative_text` varchar(255) NULL, `caption` varchar(255) NULL, `width` integer NULL, `height` integer NULL, `formats` json NULL, `hash` varchar(255) NULL, `ext` varchar(255) NULL, `mime` varchar(255) NULL, `size` float NULL, `url` varchar(255) NULL, `preview_url` varchar(255) NULL, `provider` varchar(255) NULL, `provider_metadata` json NULL, `folder_path` varchar(255) NULL, `created_at` datetime NULL, `updated_at` datetime NULL, `created_by_id` integer NULL, `updated_by_id` integer NULL, CONSTRAINT `files_created_by_id_fk` FOREIGN KEY (`created_by_id`) REFERENCES `admin_users` (`id`) ON DELETE SET NULL, CONSTRAINT `files_updated_by_id_fk` FOREIGN KEY (`updated_by_id`) REFERENCES `admin_users` (`id`) ON DELETE SET NULL, CONSTRAINT `files_created_by_id_fk` FOREIGN KEY (`created_by_id`) REFERENCES `admin_users` (`id`) ON DELETE SET NULL, CONSTRAINT `files_updated_by_id_fk` FOREIGN KEY (`updated_by_id`) REFERENCES `admin_users` (`id`) ON DELETE SET NULL);
CREATE TABLE IF NOT EXISTS "upload_folders" (`id` integer PRIMARY KEY AUTOINCREMENT NOT NULL, `name` varchar(255) NULL, `path_id` integer NULL, `path` varchar(255) NULL, `created_at` datetime NULL, `updated_at` datetime NULL, `created_by_id` integer NULL, `updated_by_id` integer NULL, CONSTRAINT `upload_folders_created_by_id_fk` FOREIGN KEY (`created_by_id`) REFERENCES `admin_users` (`id`) ON DELETE SET NULL, CONSTRAINT `upload_folders_updated_by_id_fk` FOREIGN KEY (`updated_by_id`) REFERENCES `admin_users` (`id`) ON DELETE SET NULL, CONSTRAINT `upload_folders_created_by_id_fk` FOREIGN KEY (`created_by_id`) REFERENCES `admin_users` (`id`) ON DELETE SET NULL, CONSTRAINT `upload_folders_updated_by_id_fk` FOREIGN KEY (`updated_by_id`) REFERENCES `admin_users` (`id`) ON DELETE SET NULL);
CREATE TABLE IF NOT EXISTS "strapi_releases" (`id` integer PRIMARY KEY AUTOINCREMENT NOT NULL, `name` varchar(255) NULL, `released_at` datetime NULL, `scheduled_at` datetime NULL, `timezone` varchar(255) NULL, `status` varchar(255) NULL, `created_at` datetime NULL, `updated_at` datetime NULL, `created_by_id` integer NULL, `updated_by_id` integer NULL, CONSTRAINT `strapi_releases_created_by_id_fk` FOREIGN KEY (`created_by_id`) REFERENCES `admin_users` (`id`) ON DELETE SET NULL, CONSTRAINT `strapi_releases_updated_by_id_fk` FOREIGN KEY (`updated_by_id`) REFERENCES `admin_users` (`id`) ON DELETE SET NULL, CONSTRAINT `strapi_releases_created_by_id_fk` FOREIGN KEY (`created_by_id`) REFERENCES `admin_users` (`id`) ON DELETE SET NULL, CONSTRAINT `strapi_releases_updated_by_id_fk` FOREIGN KEY (`updated_by_id`) REFERENCES `admin_users` (`id`) ON DELETE SET NULL);
CREATE TABLE IF NOT EXISTS "strapi_release_actions" (`id` integer PRIMARY KEY AUTOINCREMENT NOT NULL, `type` varchar(255) NULL, `target_id` integer NULL, `target_type` varchar(255) NULL, `content_type` varchar(255) NULL, `locale` varchar(255) NULL, `is_entry_valid` boolean NULL, `created_at` datetime NULL, `updated_at` datetime NULL, `created_by_id` integer NULL, `updated_by_id` integer NULL, CONSTRAINT `strapi_release_actions_created_by_id_fk` FOREIGN KEY (`created_by_id`) REFERENCES `admin_users` (`id`) ON DELETE SET NULL, CONSTRAINT `strapi_release_actions_updated_by_id_fk` FOREIGN KEY (`updated_by_id`) REFERENCES `admin_users` (`id`) ON DELETE SET NULL, CONSTRAINT `strapi_release_actions_created_by_id_fk` FOREIGN KEY (`created_by_id`) REFERENCES `admin_users` (`id`) ON DELETE SET NULL, CONSTRAINT `strapi_release_actions_updated_by_id_fk` FOREIGN KEY (`updated_by_id`) REFERENCES `admin_users` (`id`) ON DELETE SET NULL);
CREATE TABLE IF NOT EXISTS "up_permissions" (`id` integer PRIMARY KEY AUTOINCREMENT NOT NULL, `action` varchar(255) NULL, `created_at` datetime NULL, `updated_at` datetime NULL, `created_by_id` integer NULL, `updated_by_id` integer NULL, CONSTRAINT `up_permissions_created_by_id_fk` FOREIGN KEY (`created_by_id`) REFERENCES `admin_users` (`id`) ON DELETE SET NULL, CONSTRAINT `up_permissions_updated_by_id_fk` FOREIGN KEY (`updated_by_id`) REFERENCES `admin_users` (`id`) ON DELETE SET NULL, CONSTRAINT `up_permissions_created_by_id_fk` FOREIGN KEY (`created_by_id`) REFERENCES `admin_users` (`id`) ON DELETE SET NULL, CONSTRAINT `up_permissions_updated_by_id_fk` FOREIGN KEY (`updated_by_id`) REFERENCES `admin_users` (`id`) ON DELETE SET NULL);
INSERT INTO up_permissions VALUES(1,'plugin::users-permissions.user.me',1748825160249,1748825160249,NULL,NULL);
INSERT INTO up_permissions VALUES(2,'plugin::users-permissions.auth.changePassword',1748825160249,1748825160249,NULL,NULL);
INSERT INTO up_permissions VALUES(3,'plugin::users-permissions.auth.callback',1748825160256,1748825160256,NULL,NULL);
INSERT INTO up_permissions VALUES(4,'plugin::users-permissions.auth.connect',1748825160256,1748825160256,NULL,NULL);
INSERT INTO up_permissions VALUES(5,'plugin::users-permissions.auth.forgotPassword',1748825160256,1748825160256,NULL,NULL);
INSERT INTO up_permissions VALUES(6,'plugin::users-permissions.auth.resetPassword',1748825160256,1748825160256,NULL,NULL);
INSERT INTO up_permissions VALUES(7,'plugin::users-permissions.auth.register',1748825160256,1748825160256,NULL,NULL);
INSERT INTO up_permissions VALUES(8,'plugin::users-permissions.auth.emailConfirmation',1748825160256,1748825160256,NULL,NULL);
INSERT INTO up_permissions VALUES(9,'plugin::users-permissions.auth.sendEmailConfirmation',1748825160256,1748825160256,NULL,NULL);
INSERT INTO up_permissions VALUES(10,'api::game.game.find',1748825768066,1748825768066,NULL,NULL);
INSERT INTO up_permissions VALUES(11,'api::game.game.findOne',1748825768066,1748825768066,NULL,NULL);
INSERT INTO up_permissions VALUES(12,'api::game.game.create',1748825768066,1748825768066,NULL,NULL);
INSERT INTO up_permissions VALUES(13,'api::game.game.update',1748825768066,1748825768066,NULL,NULL);
INSERT INTO up_permissions VALUES(14,'api::game.game.delete',1748825768066,1748825768066,NULL,NULL);
INSERT INTO up_permissions VALUES(15,'plugin::content-type-builder.components.getComponents',1748825768066,1748825768066,NULL,NULL);
INSERT INTO up_permissions VALUES(16,'plugin::content-type-builder.components.getComponent',1748825768066,1748825768066,NULL,NULL);
INSERT INTO up_permissions VALUES(17,'plugin::content-type-builder.content-types.getContentTypes',1748825768066,1748825768066,NULL,NULL);
INSERT INTO up_permissions VALUES(18,'plugin::content-type-builder.content-types.getContentType',1748825768066,1748825768066,NULL,NULL);
INSERT INTO up_permissions VALUES(19,'plugin::email.email.send',1748825768066,1748825768066,NULL,NULL);
INSERT INTO up_permissions VALUES(20,'plugin::upload.content-api.find',1748825768066,1748825768066,NULL,NULL);
INSERT INTO up_permissions VALUES(21,'plugin::upload.content-api.findOne',1748825768066,1748825768066,NULL,NULL);
INSERT INTO up_permissions VALUES(22,'plugin::upload.content-api.destroy',1748825768066,1748825768066,NULL,NULL);
INSERT INTO up_permissions VALUES(23,'plugin::upload.content-api.upload',1748825768066,1748825768066,NULL,NULL);
INSERT INTO up_permissions VALUES(24,'plugin::users-permissions.auth.changePassword',1748825768066,1748825768066,NULL,NULL);
INSERT INTO up_permissions VALUES(25,'plugin::users-permissions.user.create',1748825768066,1748825768066,NULL,NULL);
INSERT INTO up_permissions VALUES(26,'plugin::users-permissions.user.update',1748825768066,1748825768066,NULL,NULL);
INSERT INTO up_permissions VALUES(27,'plugin::users-permissions.user.find',1748825768066,1748825768066,NULL,NULL);
INSERT INTO up_permissions VALUES(28,'plugin::users-permissions.user.findOne',1748825768066,1748825768066,NULL,NULL);
INSERT INTO up_permissions VALUES(29,'plugin::users-permissions.user.count',1748825768066,1748825768066,NULL,NULL);
INSERT INTO up_permissions VALUES(30,'plugin::users-permissions.user.destroy',1748825768066,1748825768066,NULL,NULL);
INSERT INTO up_permissions VALUES(31,'plugin::users-permissions.user.me',1748825768066,1748825768066,NULL,NULL);
INSERT INTO up_permissions VALUES(32,'plugin::users-permissions.role.createRole',1748825768066,1748825768066,NULL,NULL);
INSERT INTO up_permissions VALUES(33,'plugin::users-permissions.role.findOne',1748825768066,1748825768066,NULL,NULL);
INSERT INTO up_permissions VALUES(34,'plugin::users-permissions.role.find',1748825768066,1748825768066,NULL,NULL);
INSERT INTO up_permissions VALUES(35,'plugin::users-permissions.role.updateRole',1748825768066,1748825768066,NULL,NULL);
INSERT INTO up_permissions VALUES(36,'plugin::users-permissions.role.deleteRole',1748825768066,1748825768066,NULL,NULL);
INSERT INTO up_permissions VALUES(37,'plugin::users-permissions.permissions.getPermissions',1748825768066,1748825768066,NULL,NULL);
INSERT INTO up_permissions VALUES(38,'api::game.game.find',1748825787465,1748825787465,NULL,NULL);
INSERT INTO up_permissions VALUES(39,'api::game.game.findOne',1748825787465,1748825787465,NULL,NULL);
INSERT INTO up_permissions VALUES(40,'api::game.game.create',1748825787465,1748825787465,NULL,NULL);
INSERT INTO up_permissions VALUES(41,'api::game.game.update',1748825787465,1748825787465,NULL,NULL);
INSERT INTO up_permissions VALUES(42,'api::game.game.delete',1748825787465,1748825787465,NULL,NULL);
INSERT INTO up_permissions VALUES(43,'plugin::content-type-builder.components.getComponents',1748825787465,1748825787465,NULL,NULL);
INSERT INTO up_permissions VALUES(44,'plugin::content-type-builder.components.getComponent',1748825787465,1748825787465,NULL,NULL);
INSERT INTO up_permissions VALUES(45,'plugin::content-type-builder.content-types.getContentTypes',1748825787465,1748825787465,NULL,NULL);
INSERT INTO up_permissions VALUES(46,'plugin::content-type-builder.content-types.getContentType',1748825787465,1748825787465,NULL,NULL);
INSERT INTO up_permissions VALUES(47,'plugin::email.email.send',1748825787465,1748825787465,NULL,NULL);
INSERT INTO up_permissions VALUES(48,'plugin::upload.content-api.find',1748825787465,1748825787465,NULL,NULL);
INSERT INTO up_permissions VALUES(49,'plugin::upload.content-api.findOne',1748825787465,1748825787465,NULL,NULL);
INSERT INTO up_permissions VALUES(50,'plugin::upload.content-api.destroy',1748825787465,1748825787465,NULL,NULL);
INSERT INTO up_permissions VALUES(51,'plugin::upload.content-api.upload',1748825787465,1748825787465,NULL,NULL);
INSERT INTO up_permissions VALUES(52,'plugin::users-permissions.auth.callback',1748825787465,1748825787465,NULL,NULL);
INSERT INTO up_permissions VALUES(53,'plugin::users-permissions.auth.resetPassword',1748825787465,1748825787465,NULL,NULL);
INSERT INTO up_permissions VALUES(54,'plugin::users-permissions.auth.connect',1748825787465,1748825787465,NULL,NULL);
INSERT INTO up_permissions VALUES(55,'plugin::users-permissions.auth.forgotPassword',1748825787465,1748825787465,NULL,NULL);
INSERT INTO up_permissions VALUES(56,'plugin::users-permissions.auth.register',1748825787465,1748825787465,NULL,NULL);
INSERT INTO up_permissions VALUES(57,'plugin::users-permissions.auth.emailConfirmation',1748825787465,1748825787465,NULL,NULL);
INSERT INTO up_permissions VALUES(58,'plugin::users-permissions.auth.sendEmailConfirmation',1748825787465,1748825787465,NULL,NULL);
INSERT INTO up_permissions VALUES(59,'plugin::users-permissions.user.create',1748825787465,1748825787465,NULL,NULL);
INSERT INTO up_permissions VALUES(60,'plugin::users-permissions.user.update',1748825787465,1748825787465,NULL,NULL);
INSERT INTO up_permissions VALUES(61,'plugin::users-permissions.user.find',1748825787465,1748825787465,NULL,NULL);
INSERT INTO up_permissions VALUES(62,'plugin::users-permissions.user.findOne',1748825787465,1748825787465,NULL,NULL);
INSERT INTO up_permissions VALUES(63,'plugin::users-permissions.user.count',1748825787465,1748825787465,NULL,NULL);
INSERT INTO up_permissions VALUES(64,'plugin::users-permissions.user.destroy',1748825787465,1748825787465,NULL,NULL);
INSERT INTO up_permissions VALUES(65,'plugin::users-permissions.role.createRole',1748825787465,1748825787465,NULL,NULL);
INSERT INTO up_permissions VALUES(66,'plugin::users-permissions.role.findOne',1748825787465,1748825787465,NULL,NULL);
INSERT INTO up_permissions VALUES(67,'plugin::users-permissions.role.find',1748825787465,1748825787465,NULL,NULL);
INSERT INTO up_permissions VALUES(68,'plugin::users-permissions.role.updateRole',1748825787465,1748825787465,NULL,NULL);
INSERT INTO up_permissions VALUES(69,'plugin::users-permissions.role.deleteRole',1748825787465,1748825787465,NULL,NULL);
INSERT INTO up_permissions VALUES(70,'plugin::users-permissions.permissions.getPermissions',1748825787465,1748825787465,NULL,NULL);
CREATE TABLE IF NOT EXISTS "up_roles" (`id` integer PRIMARY KEY AUTOINCREMENT NOT NULL, `name` varchar(255) NULL, `description` varchar(255) NULL, `type` varchar(255) NULL, `created_at` datetime NULL, `updated_at` datetime NULL, `created_by_id` integer NULL, `updated_by_id` integer NULL, CONSTRAINT `up_roles_created_by_id_fk` FOREIGN KEY (`created_by_id`) REFERENCES `admin_users` (`id`) ON DELETE SET NULL, CONSTRAINT `up_roles_updated_by_id_fk` FOREIGN KEY (`updated_by_id`) REFERENCES `admin_users` (`id`) ON DELETE SET NULL, CONSTRAINT `up_roles_created_by_id_fk` FOREIGN KEY (`created_by_id`) REFERENCES `admin_users` (`id`) ON DELETE SET NULL, CONSTRAINT `up_roles_updated_by_id_fk` FOREIGN KEY (`updated_by_id`) REFERENCES `admin_users` (`id`) ON DELETE SET NULL);
INSERT INTO up_roles VALUES(1,'Authenticated','Default role given to authenticated user.','authenticated',1748825160243,1748825787462,NULL,NULL);
INSERT INTO up_roles VALUES(2,'Public','Default role given to unauthenticated user.','public',1748825160245,1748825768063,NULL,NULL);
CREATE TABLE IF NOT EXISTS "up_users" (`id` integer PRIMARY KEY AUTOINCREMENT NOT NULL, `username` varchar(255) NULL, `email` varchar(255) NULL, `provider` varchar(255) NULL, `password` varchar(255) NULL, `reset_password_token` varchar(255) NULL, `confirmation_token` varchar(255) NULL, `confirmed` boolean NULL, `blocked` boolean NULL, `created_at` datetime NULL, `updated_at` datetime NULL, `created_by_id` integer NULL, `updated_by_id` integer NULL, `subscription_status` varchar(255) null, `premium_expiry` date null, `full_name` varchar(255) null, `phone` varchar(255) null, `address` text null, CONSTRAINT `up_users_created_by_id_fk` FOREIGN KEY (`created_by_id`) REFERENCES `admin_users` (`id`) ON DELETE SET NULL, CONSTRAINT `up_users_updated_by_id_fk` FOREIGN KEY (`updated_by_id`) REFERENCES `admin_users` (`id`) ON DELETE SET NULL, CONSTRAINT `up_users_created_by_id_fk` FOREIGN KEY (`created_by_id`) REFERENCES `admin_users` (`id`) ON DELETE SET NULL, CONSTRAINT `up_users_updated_by_id_fk` FOREIGN KEY (`updated_by_id`) REFERENCES `admin_users` (`id`) ON DELETE SET NULL);
INSERT INTO up_users VALUES(1,'premiumuser','premium@elitegames.com','local','$2a$10$ZhXkyyOieORTk2Yxd.xLeetZkNL2wLhCgRgFKP0hqscorQ0VIG/VS',NULL,NULL,1,0,1748987217449,1748988161497,NULL,3,'premium','2025-12-31','Premium User','+442012345678','123 Premium Street, London, UK');
INSERT INTO up_users VALUES(2,'freeuser','free@elitegames.com','local','$2a$10$A1XzDkRlwN8q/U2L3kv06.Dg.uVKdVOIvpndqn7i3FucdbO3HXdtW',NULL,NULL,1,0,1748987223959,1748988097683,NULL,3,'free',NULL,'Free User','+442098765432','456 Free Avenue, Manchester, UK');
INSERT INTO up_users VALUES(3,'testuser','test@example.com','local','$2a$10$P7.aUgjHWEHGJTn4FbURHua82zFBDVqeOuXXa9ELzHJL.TBHslZ9i',NULL,NULL,1,0,1748987288540,1748987288540,NULL,NULL,NULL,NULL,NULL,NULL,NULL);
CREATE TABLE IF NOT EXISTS "background_music_tracks" (`id` integer PRIMARY KEY AUTOINCREMENT NOT NULL, `title` varchar(255) NULL, `duration` integer NULL, `is_active` boolean NULL, `file_size` integer NULL, `sort_order` integer NULL, `play_count` integer NULL, `created_at` datetime NULL, `updated_at` datetime NULL, `published_at` datetime NULL, `created_by_id` integer NULL, `updated_by_id` integer NULL, CONSTRAINT `background_music_tracks_created_by_id_fk` FOREIGN KEY (`created_by_id`) REFERENCES `admin_users` (`id`) ON DELETE SET NULL, CONSTRAINT `background_music_tracks_updated_by_id_fk` FOREIGN KEY (`updated_by_id`) REFERENCES `admin_users` (`id`) ON DELETE SET NULL, CONSTRAINT `background_music_tracks_created_by_id_fk` FOREIGN KEY (`created_by_id`) REFERENCES `admin_users` (`id`) ON DELETE SET NULL, CONSTRAINT `background_music_tracks_updated_by_id_fk` FOREIGN KEY (`updated_by_id`) REFERENCES `admin_users` (`id`) ON DELETE SET NULL);
CREATE TABLE IF NOT EXISTS "questions" (`id` integer PRIMARY KEY AUTOINCREMENT NOT NULL, `question` text NULL, `option_1` varchar(255) NULL, `option_2` varchar(255) NULL, `option_3` varchar(255) NULL, `option_4` varchar(255) NULL, `correct_answer` varchar(255) NULL, `explanation` text NULL, `difficulty` varchar(255) NULL, `tags` json NULL, `is_active` boolean NULL, `sort_order` integer NULL, `times_answered` integer NULL, `times_correct` integer NULL, `created_at` datetime NULL, `updated_at` datetime NULL, `published_at` datetime NULL, `created_by_id` integer NULL, `updated_by_id` integer NULL, CONSTRAINT `questions_created_by_id_fk` FOREIGN KEY (`created_by_id`) REFERENCES `admin_users` (`id`) ON DELETE SET NULL, CONSTRAINT `questions_updated_by_id_fk` FOREIGN KEY (`updated_by_id`) REFERENCES `admin_users` (`id`) ON DELETE SET NULL, CONSTRAINT `questions_created_by_id_fk` FOREIGN KEY (`created_by_id`) REFERENCES `admin_users` (`id`) ON DELETE SET NULL, CONSTRAINT `questions_updated_by_id_fk` FOREIGN KEY (`updated_by_id`) REFERENCES `admin_users` (`id`) ON DELETE SET NULL);
CREATE TABLE IF NOT EXISTS "game_users" (`id` integer PRIMARY KEY AUTOINCREMENT NOT NULL, `email` varchar(255) NULL, `username` varchar(255) NULL, `subscription_type` varchar(255) NULL, `subscription_expiry` datetime NULL, `game_stats` json NULL, `preferences` json NULL, `achievements` json NULL, `last_game_played` datetime NULL, `total_score` integer NULL, `games_completed` integer NULL, `is_active` boolean NULL, `registration_date` datetime NULL, `last_login` datetime NULL, `created_at` datetime NULL, `updated_at` datetime NULL, `published_at` datetime NULL, `created_by_id` integer NULL, `updated_by_id` integer NULL, CONSTRAINT `game_users_created_by_id_fk` FOREIGN KEY (`created_by_id`) REFERENCES `admin_users` (`id`) ON DELETE SET NULL, CONSTRAINT `game_users_updated_by_id_fk` FOREIGN KEY (`updated_by_id`) REFERENCES `admin_users` (`id`) ON DELETE SET NULL, CONSTRAINT `game_users_created_by_id_fk` FOREIGN KEY (`created_by_id`) REFERENCES `admin_users` (`id`) ON DELETE SET NULL, CONSTRAINT `game_users_updated_by_id_fk` FOREIGN KEY (`updated_by_id`) REFERENCES `admin_users` (`id`) ON DELETE SET NULL);
CREATE TABLE IF NOT EXISTS "user_music_tracks" (`id` integer PRIMARY KEY AUTOINCREMENT NOT NULL, `title` varchar(255) NULL, `upload_slot` integer NULL, `is_premium_user` boolean NULL, `duration` integer NULL, `file_size` integer NULL, `is_active` boolean NULL, `play_count` integer NULL, `created_at` datetime NULL, `updated_at` datetime NULL, `published_at` datetime NULL, `created_by_id` integer NULL, `updated_by_id` integer NULL, CONSTRAINT `user_music_tracks_created_by_id_fk` FOREIGN KEY (`created_by_id`) REFERENCES `admin_users` (`id`) ON DELETE SET NULL, CONSTRAINT `user_music_tracks_updated_by_id_fk` FOREIGN KEY (`updated_by_id`) REFERENCES `admin_users` (`id`) ON DELETE SET NULL, CONSTRAINT `user_music_tracks_created_by_id_fk` FOREIGN KEY (`created_by_id`) REFERENCES `admin_users` (`id`) ON DELETE SET NULL, CONSTRAINT `user_music_tracks_updated_by_id_fk` FOREIGN KEY (`updated_by_id`) REFERENCES `admin_users` (`id`) ON DELETE SET NULL);
CREATE TABLE IF NOT EXISTS "admin_permissions_role_links" (`id` integer PRIMARY KEY AUTOINCREMENT NOT NULL, `permission_id` integer NULL, `role_id` integer NULL, `permission_order` float NULL, CONSTRAINT `admin_permissions_role_links_fk` FOREIGN KEY (`permission_id`) REFERENCES `admin_permissions` (`id`) ON DELETE CASCADE, CONSTRAINT `admin_permissions_role_links_inv_fk` FOREIGN KEY (`role_id`) REFERENCES `admin_roles` (`id`) ON DELETE CASCADE, CONSTRAINT `admin_permissions_role_links_fk` FOREIGN KEY (`permission_id`) REFERENCES `admin_permissions` (`id`) ON DELETE CASCADE, CONSTRAINT `admin_permissions_role_links_inv_fk` FOREIGN KEY (`role_id`) REFERENCES `admin_roles` (`id`) ON DELETE CASCADE);
INSERT INTO admin_permissions_role_links VALUES(1,1,2,1.0);
INSERT INTO admin_permissions_role_links VALUES(2,2,2,2.0);
INSERT INTO admin_permissions_role_links VALUES(3,3,2,3.0);
INSERT INTO admin_permissions_role_links VALUES(4,4,2,4.0);
INSERT INTO admin_permissions_role_links VALUES(5,5,2,5.0);
INSERT INTO admin_permissions_role_links VALUES(6,6,2,6.0);
INSERT INTO admin_permissions_role_links VALUES(7,7,2,7.0);
INSERT INTO admin_permissions_role_links VALUES(8,8,2,8.0);
INSERT INTO admin_permissions_role_links VALUES(9,9,2,9.0);
INSERT INTO admin_permissions_role_links VALUES(10,10,2,10.0);
INSERT INTO admin_permissions_role_links VALUES(11,11,2,11.0);
INSERT INTO admin_permissions_role_links VALUES(12,12,2,12.0);
INSERT INTO admin_permissions_role_links VALUES(13,13,2,13.0);
INSERT INTO admin_permissions_role_links VALUES(14,14,2,14.0);
INSERT INTO admin_permissions_role_links VALUES(15,15,2,15.0);
INSERT INTO admin_permissions_role_links VALUES(16,16,2,16.0);
INSERT INTO admin_permissions_role_links VALUES(17,17,2,17.0);
INSERT INTO admin_permissions_role_links VALUES(18,18,2,18.0);
INSERT INTO admin_permissions_role_links VALUES(19,19,2,19.0);
INSERT INTO admin_permissions_role_links VALUES(20,20,2,20.0);
INSERT INTO admin_permissions_role_links VALUES(21,21,2,21.0);
INSERT INTO admin_permissions_role_links VALUES(22,22,2,22.0);
INSERT INTO admin_permissions_role_links VALUES(23,23,2,23.0);
INSERT INTO admin_permissions_role_links VALUES(24,24,2,24.0);
INSERT INTO admin_permissions_role_links VALUES(25,25,2,25.0);
INSERT INTO admin_permissions_role_links VALUES(26,26,2,26.0);
INSERT INTO admin_permissions_role_links VALUES(27,27,2,27.0);
INSERT INTO admin_permissions_role_links VALUES(28,28,2,28.0);
INSERT INTO admin_permissions_role_links VALUES(30,30,2,30.0);
INSERT INTO admin_permissions_role_links VALUES(33,33,2,33.0);
INSERT INTO admin_permissions_role_links VALUES(34,34,2,34.0);
INSERT INTO admin_permissions_role_links VALUES(35,35,2,35.0);
INSERT INTO admin_permissions_role_links VALUES(36,36,2,36.0);
INSERT INTO admin_permissions_role_links VALUES(37,37,2,37.0);
INSERT INTO admin_permissions_role_links VALUES(38,38,2,38.0);
INSERT INTO admin_permissions_role_links VALUES(39,39,2,39.0);
INSERT INTO admin_permissions_role_links VALUES(40,40,2,40.0);
INSERT INTO admin_permissions_role_links VALUES(41,41,2,41.0);
INSERT INTO admin_permissions_role_links VALUES(42,42,3,1.0);
INSERT INTO admin_permissions_role_links VALUES(43,43,3,2.0);
INSERT INTO admin_permissions_role_links VALUES(44,44,3,3.0);
INSERT INTO admin_permissions_role_links VALUES(45,45,3,4.0);
INSERT INTO admin_permissions_role_links VALUES(46,46,3,5.0);
INSERT INTO admin_permissions_role_links VALUES(47,47,3,6.0);
INSERT INTO admin_permissions_role_links VALUES(48,48,3,7.0);
INSERT INTO admin_permissions_role_links VALUES(49,49,3,8.0);
INSERT INTO admin_permissions_role_links VALUES(50,50,3,9.0);
INSERT INTO admin_permissions_role_links VALUES(51,51,3,10.0);
INSERT INTO admin_permissions_role_links VALUES(52,52,3,11.0);
INSERT INTO admin_permissions_role_links VALUES(53,53,3,12.0);
INSERT INTO admin_permissions_role_links VALUES(54,54,3,13.0);
INSERT INTO admin_permissions_role_links VALUES(55,55,3,14.0);
INSERT INTO admin_permissions_role_links VALUES(56,56,3,15.0);
INSERT INTO admin_permissions_role_links VALUES(57,57,3,16.0);
INSERT INTO admin_permissions_role_links VALUES(58,58,3,17.0);
INSERT INTO admin_permissions_role_links VALUES(59,59,3,18.0);
INSERT INTO admin_permissions_role_links VALUES(60,60,3,19.0);
INSERT INTO admin_permissions_role_links VALUES(61,61,3,20.0);
INSERT INTO admin_permissions_role_links VALUES(62,62,3,21.0);
INSERT INTO admin_permissions_role_links VALUES(63,63,3,22.0);
INSERT INTO admin_permissions_role_links VALUES(64,64,3,23.0);
INSERT INTO admin_permissions_role_links VALUES(65,65,3,24.0);
INSERT INTO admin_permissions_role_links VALUES(66,66,3,25.0);
INSERT INTO admin_permissions_role_links VALUES(67,67,3,26.0);
INSERT INTO admin_permissions_role_links VALUES(68,68,3,27.0);
INSERT INTO admin_permissions_role_links VALUES(69,69,3,28.0);
INSERT INTO admin_permissions_role_links VALUES(70,70,3,29.0);
INSERT INTO admin_permissions_role_links VALUES(71,71,3,30.0);
INSERT INTO admin_permissions_role_links VALUES(72,72,3,31.0);
INSERT INTO admin_permissions_role_links VALUES(73,73,3,32.0);
INSERT INTO admin_permissions_role_links VALUES(74,74,3,33.0);
INSERT INTO admin_permissions_role_links VALUES(75,75,3,34.0);
INSERT INTO admin_permissions_role_links VALUES(78,78,1,3.0);
INSERT INTO admin_permissions_role_links VALUES(79,79,1,4.0);
INSERT INTO admin_permissions_role_links VALUES(80,80,1,5.0);
INSERT INTO admin_permissions_role_links VALUES(81,81,1,6.0);
INSERT INTO admin_permissions_role_links VALUES(82,82,1,7.0);
INSERT INTO admin_permissions_role_links VALUES(83,83,1,8.0);
INSERT INTO admin_permissions_role_links VALUES(86,86,1,11.0);
INSERT INTO admin_permissions_role_links VALUES(87,87,1,12.0);
INSERT INTO admin_permissions_role_links VALUES(88,88,1,13.0);
INSERT INTO admin_permissions_role_links VALUES(89,89,1,14.0);
INSERT INTO admin_permissions_role_links VALUES(90,90,1,15.0);
INSERT INTO admin_permissions_role_links VALUES(91,91,1,16.0);
INSERT INTO admin_permissions_role_links VALUES(94,94,1,19.0);
INSERT INTO admin_permissions_role_links VALUES(95,95,1,20.0);
INSERT INTO admin_permissions_role_links VALUES(96,96,1,21.0);
INSERT INTO admin_permissions_role_links VALUES(97,97,1,22.0);
INSERT INTO admin_permissions_role_links VALUES(98,98,1,23.0);
INSERT INTO admin_permissions_role_links VALUES(99,99,1,24.0);
INSERT INTO admin_permissions_role_links VALUES(100,100,1,25.0);
INSERT INTO admin_permissions_role_links VALUES(101,101,1,26.0);
INSERT INTO admin_permissions_role_links VALUES(102,102,1,27.0);
INSERT INTO admin_permissions_role_links VALUES(103,103,1,28.0);
INSERT INTO admin_permissions_role_links VALUES(104,104,1,29.0);
INSERT INTO admin_permissions_role_links VALUES(105,105,1,30.0);
INSERT INTO admin_permissions_role_links VALUES(106,106,1,31.0);
INSERT INTO admin_permissions_role_links VALUES(107,107,1,32.0);
INSERT INTO admin_permissions_role_links VALUES(109,109,1,34.0);
INSERT INTO admin_permissions_role_links VALUES(112,112,1,37.0);
INSERT INTO admin_permissions_role_links VALUES(113,113,1,38.0);
INSERT INTO admin_permissions_role_links VALUES(114,114,1,39.0);
INSERT INTO admin_permissions_role_links VALUES(115,115,1,40.0);
INSERT INTO admin_permissions_role_links VALUES(116,116,1,41.0);
INSERT INTO admin_permissions_role_links VALUES(117,117,1,42.0);
INSERT INTO admin_permissions_role_links VALUES(118,118,1,43.0);
INSERT INTO admin_permissions_role_links VALUES(119,119,1,44.0);
INSERT INTO admin_permissions_role_links VALUES(120,120,1,45.0);
INSERT INTO admin_permissions_role_links VALUES(121,121,1,46.0);
INSERT INTO admin_permissions_role_links VALUES(122,122,1,47.0);
INSERT INTO admin_permissions_role_links VALUES(123,123,1,48.0);
INSERT INTO admin_permissions_role_links VALUES(124,124,1,49.0);
INSERT INTO admin_permissions_role_links VALUES(125,125,1,50.0);
INSERT INTO admin_permissions_role_links VALUES(126,126,1,51.0);
INSERT INTO admin_permissions_role_links VALUES(127,127,1,52.0);
INSERT INTO admin_permissions_role_links VALUES(128,128,1,53.0);
INSERT INTO admin_permissions_role_links VALUES(129,129,1,54.0);
INSERT INTO admin_permissions_role_links VALUES(130,130,1,55.0);
INSERT INTO admin_permissions_role_links VALUES(131,131,1,56.0);
INSERT INTO admin_permissions_role_links VALUES(132,132,1,57.0);
INSERT INTO admin_permissions_role_links VALUES(133,133,1,58.0);
INSERT INTO admin_permissions_role_links VALUES(134,134,1,59.0);
INSERT INTO admin_permissions_role_links VALUES(135,135,1,60.0);
INSERT INTO admin_permissions_role_links VALUES(136,136,1,61.0);
INSERT INTO admin_permissions_role_links VALUES(137,137,1,62.0);
INSERT INTO admin_permissions_role_links VALUES(138,138,1,63.0);
INSERT INTO admin_permissions_role_links VALUES(139,139,1,64.0);
INSERT INTO admin_permissions_role_links VALUES(140,140,1,65.0);
INSERT INTO admin_permissions_role_links VALUES(141,141,1,66.0);
INSERT INTO admin_permissions_role_links VALUES(142,142,1,67.0);
INSERT INTO admin_permissions_role_links VALUES(143,143,1,68.0);
INSERT INTO admin_permissions_role_links VALUES(144,144,1,69.0);
INSERT INTO admin_permissions_role_links VALUES(145,145,1,70.0);
INSERT INTO admin_permissions_role_links VALUES(146,146,1,71.0);
INSERT INTO admin_permissions_role_links VALUES(147,147,1,72.0);
INSERT INTO admin_permissions_role_links VALUES(148,148,1,73.0);
INSERT INTO admin_permissions_role_links VALUES(149,149,1,74.0);
INSERT INTO admin_permissions_role_links VALUES(150,150,1,75.0);
INSERT INTO admin_permissions_role_links VALUES(151,151,1,76.0);
INSERT INTO admin_permissions_role_links VALUES(152,152,1,77.0);
INSERT INTO admin_permissions_role_links VALUES(153,153,1,78.0);
INSERT INTO admin_permissions_role_links VALUES(154,154,1,79.0);
INSERT INTO admin_permissions_role_links VALUES(155,155,1,80.0);
INSERT INTO admin_permissions_role_links VALUES(156,156,1,81.0);
INSERT INTO admin_permissions_role_links VALUES(157,157,1,82.0);
INSERT INTO admin_permissions_role_links VALUES(158,158,1,83.0);
INSERT INTO admin_permissions_role_links VALUES(159,159,1,84.0);
INSERT INTO admin_permissions_role_links VALUES(160,160,1,85.0);
INSERT INTO admin_permissions_role_links VALUES(161,161,1,86.0);
INSERT INTO admin_permissions_role_links VALUES(162,162,1,87.0);
INSERT INTO admin_permissions_role_links VALUES(163,163,1,88.0);
INSERT INTO admin_permissions_role_links VALUES(164,164,1,89.0);
INSERT INTO admin_permissions_role_links VALUES(165,165,1,90.0);
INSERT INTO admin_permissions_role_links VALUES(166,166,1,91.0);
INSERT INTO admin_permissions_role_links VALUES(167,167,1,92.0);
INSERT INTO admin_permissions_role_links VALUES(168,168,1,93.0);
INSERT INTO admin_permissions_role_links VALUES(169,169,1,94.0);
INSERT INTO admin_permissions_role_links VALUES(170,170,1,95.0);
INSERT INTO admin_permissions_role_links VALUES(174,174,1,96.0);
INSERT INTO admin_permissions_role_links VALUES(175,175,1,97.0);
INSERT INTO admin_permissions_role_links VALUES(176,176,1,98.0);
CREATE TABLE IF NOT EXISTS "admin_users_roles_links" (`id` integer PRIMARY KEY AUTOINCREMENT NOT NULL, `user_id` integer NULL, `role_id` integer NULL, `role_order` float NULL, `user_order` float NULL, CONSTRAINT `admin_users_roles_links_fk` FOREIGN KEY (`user_id`) REFERENCES `admin_users` (`id`) ON DELETE CASCADE, CONSTRAINT `admin_users_roles_links_inv_fk` FOREIGN KEY (`role_id`) REFERENCES `admin_roles` (`id`) ON DELETE CASCADE, CONSTRAINT `admin_users_roles_links_fk` FOREIGN KEY (`user_id`) REFERENCES `admin_users` (`id`) ON DELETE CASCADE, CONSTRAINT `admin_users_roles_links_inv_fk` FOREIGN KEY (`role_id`) REFERENCES `admin_roles` (`id`) ON DELETE CASCADE);
INSERT INTO admin_users_roles_links VALUES(1,1,1,1.0,1.0);
INSERT INTO admin_users_roles_links VALUES(2,2,1,1.0,2.0);
INSERT INTO admin_users_roles_links VALUES(3,3,1,1.0,3.0);
INSERT INTO admin_users_roles_links VALUES(4,4,1,1.0,4.0);
INSERT INTO admin_users_roles_links VALUES(5,5,1,1.0,5.0);
INSERT INTO admin_users_roles_links VALUES(6,6,1,1.0,6.0);
CREATE TABLE IF NOT EXISTS "strapi_api_token_permissions_token_links" (`id` integer PRIMARY KEY AUTOINCREMENT NOT NULL, `api_token_permission_id` integer NULL, `api_token_id` integer NULL, `api_token_permission_order` float NULL, CONSTRAINT `strapi_api_token_permissions_token_links_fk` FOREIGN KEY (`api_token_permission_id`) REFERENCES `strapi_api_token_permissions` (`id`) ON DELETE CASCADE, CONSTRAINT `strapi_api_token_permissions_token_links_inv_fk` FOREIGN KEY (`api_token_id`) REFERENCES `strapi_api_tokens` (`id`) ON DELETE CASCADE, CONSTRAINT `strapi_api_token_permissions_token_links_fk` FOREIGN KEY (`api_token_permission_id`) REFERENCES `strapi_api_token_permissions` (`id`) ON DELETE CASCADE, CONSTRAINT `strapi_api_token_permissions_token_links_inv_fk` FOREIGN KEY (`api_token_id`) REFERENCES `strapi_api_tokens` (`id`) ON DELETE CASCADE);
CREATE TABLE IF NOT EXISTS "strapi_transfer_token_permissions_token_links" (`id` integer PRIMARY KEY AUTOINCREMENT NOT NULL, `transfer_token_permission_id` integer NULL, `transfer_token_id` integer NULL, `transfer_token_permission_order` float NULL, CONSTRAINT `strapi_transfer_token_permissions_token_links_fk` FOREIGN KEY (`transfer_token_permission_id`) REFERENCES `strapi_transfer_token_permissions` (`id`) ON DELETE CASCADE, CONSTRAINT `strapi_transfer_token_permissions_token_links_inv_fk` FOREIGN KEY (`transfer_token_id`) REFERENCES `strapi_transfer_tokens` (`id`) ON DELETE CASCADE, CONSTRAINT `strapi_transfer_token_permissions_token_links_fk` FOREIGN KEY (`transfer_token_permission_id`) REFERENCES `strapi_transfer_token_permissions` (`id`) ON DELETE CASCADE, CONSTRAINT `strapi_transfer_token_permissions_token_links_inv_fk` FOREIGN KEY (`transfer_token_id`) REFERENCES `strapi_transfer_tokens` (`id`) ON DELETE CASCADE);
CREATE TABLE IF NOT EXISTS "files_related_morphs" (`id` integer PRIMARY KEY AUTOINCREMENT NOT NULL, `file_id` integer NULL, `related_id` integer NULL, `related_type` varchar(255) NULL, `field` varchar(255) NULL, `order` float NULL, CONSTRAINT `files_related_morphs_fk` FOREIGN KEY (`file_id`) REFERENCES `files` (`id`) ON DELETE CASCADE, CONSTRAINT `files_related_morphs_fk` FOREIGN KEY (`file_id`) REFERENCES `files` (`id`) ON DELETE CASCADE);
CREATE TABLE IF NOT EXISTS "files_folder_links" (`id` integer PRIMARY KEY AUTOINCREMENT NOT NULL, `file_id` integer NULL, `folder_id` integer NULL, `file_order` float NULL, CONSTRAINT `files_folder_links_fk` FOREIGN KEY (`file_id`) REFERENCES `files` (`id`) ON DELETE CASCADE, CONSTRAINT `files_folder_links_inv_fk` FOREIGN KEY (`folder_id`) REFERENCES `upload_folders` (`id`) ON DELETE CASCADE, CONSTRAINT `files_folder_links_fk` FOREIGN KEY (`file_id`) REFERENCES `files` (`id`) ON DELETE CASCADE, CONSTRAINT `files_folder_links_inv_fk` FOREIGN KEY (`folder_id`) REFERENCES `upload_folders` (`id`) ON DELETE CASCADE);
CREATE TABLE IF NOT EXISTS "upload_folders_parent_links" (`id` integer PRIMARY KEY AUTOINCREMENT NOT NULL, `folder_id` integer NULL, `inv_folder_id` integer NULL, `folder_order` float NULL, CONSTRAINT `upload_folders_parent_links_fk` FOREIGN KEY (`folder_id`) REFERENCES `upload_folders` (`id`) ON DELETE CASCADE, CONSTRAINT `upload_folders_parent_links_inv_fk` FOREIGN KEY (`inv_folder_id`) REFERENCES `upload_folders` (`id`) ON DELETE CASCADE, CONSTRAINT `upload_folders_parent_links_fk` FOREIGN KEY (`folder_id`) REFERENCES `upload_folders` (`id`) ON DELETE CASCADE, CONSTRAINT `upload_folders_parent_links_inv_fk` FOREIGN KEY (`inv_folder_id`) REFERENCES `upload_folders` (`id`) ON DELETE CASCADE);
CREATE TABLE IF NOT EXISTS "strapi_release_actions_release_links" (`id` integer PRIMARY KEY AUTOINCREMENT NOT NULL, `release_action_id` integer NULL, `release_id` integer NULL, `release_action_order` float NULL, CONSTRAINT `strapi_release_actions_release_links_fk` FOREIGN KEY (`release_action_id`) REFERENCES `strapi_release_actions` (`id`) ON DELETE CASCADE, CONSTRAINT `strapi_release_actions_release_links_inv_fk` FOREIGN KEY (`release_id`) REFERENCES `strapi_releases` (`id`) ON DELETE CASCADE, CONSTRAINT `strapi_release_actions_release_links_fk` FOREIGN KEY (`release_action_id`) REFERENCES `strapi_release_actions` (`id`) ON DELETE CASCADE, CONSTRAINT `strapi_release_actions_release_links_inv_fk` FOREIGN KEY (`release_id`) REFERENCES `strapi_releases` (`id`) ON DELETE CASCADE);
CREATE TABLE IF NOT EXISTS "up_permissions_role_links" (`id` integer PRIMARY KEY AUTOINCREMENT NOT NULL, `permission_id` integer NULL, `role_id` integer NULL, `permission_order` float NULL, CONSTRAINT `up_permissions_role_links_fk` FOREIGN KEY (`permission_id`) REFERENCES `up_permissions` (`id`) ON DELETE CASCADE, CONSTRAINT `up_permissions_role_links_inv_fk` FOREIGN KEY (`role_id`) REFERENCES `up_roles` (`id`) ON DELETE CASCADE, CONSTRAINT `up_permissions_role_links_fk` FOREIGN KEY (`permission_id`) REFERENCES `up_permissions` (`id`) ON DELETE CASCADE, CONSTRAINT `up_permissions_role_links_inv_fk` FOREIGN KEY (`role_id`) REFERENCES `up_roles` (`id`) ON DELETE CASCADE);
INSERT INTO up_permissions_role_links VALUES(1,1,1,1.0);
INSERT INTO up_permissions_role_links VALUES(2,2,1,2.0);
INSERT INTO up_permissions_role_links VALUES(3,3,2,1.0);
INSERT INTO up_permissions_role_links VALUES(4,4,2,2.0);
INSERT INTO up_permissions_role_links VALUES(5,5,2,3.0);
INSERT INTO up_permissions_role_links VALUES(6,6,2,4.0);
INSERT INTO up_permissions_role_links VALUES(7,7,2,5.0);
INSERT INTO up_permissions_role_links VALUES(8,8,2,6.0);
INSERT INTO up_permissions_role_links VALUES(9,9,2,7.0);
INSERT INTO up_permissions_role_links VALUES(10,10,2,8.0);
INSERT INTO up_permissions_role_links VALUES(11,11,2,9.0);
INSERT INTO up_permissions_role_links VALUES(12,12,2,10.0);
INSERT INTO up_permissions_role_links VALUES(13,13,2,11.0);
INSERT INTO up_permissions_role_links VALUES(14,14,2,12.0);
INSERT INTO up_permissions_role_links VALUES(15,15,2,13.0);
INSERT INTO up_permissions_role_links VALUES(16,16,2,14.0);
INSERT INTO up_permissions_role_links VALUES(17,17,2,15.0);
INSERT INTO up_permissions_role_links VALUES(18,18,2,16.0);
INSERT INTO up_permissions_role_links VALUES(19,19,2,17.0);
INSERT INTO up_permissions_role_links VALUES(20,20,2,18.0);
INSERT INTO up_permissions_role_links VALUES(21,21,2,19.0);
INSERT INTO up_permissions_role_links VALUES(22,22,2,20.0);
INSERT INTO up_permissions_role_links VALUES(23,23,2,21.0);
INSERT INTO up_permissions_role_links VALUES(24,24,2,22.0);
INSERT INTO up_permissions_role_links VALUES(25,25,2,23.0);
INSERT INTO up_permissions_role_links VALUES(26,26,2,24.0);
INSERT INTO up_permissions_role_links VALUES(27,27,2,25.0);
INSERT INTO up_permissions_role_links VALUES(28,28,2,26.0);
INSERT INTO up_permissions_role_links VALUES(29,29,2,27.0);
INSERT INTO up_permissions_role_links VALUES(30,30,2,28.0);
INSERT INTO up_permissions_role_links VALUES(31,31,2,29.0);
INSERT INTO up_permissions_role_links VALUES(32,32,2,30.0);
INSERT INTO up_permissions_role_links VALUES(33,33,2,31.0);
INSERT INTO up_permissions_role_links VALUES(34,34,2,32.0);
INSERT INTO up_permissions_role_links VALUES(35,35,2,33.0);
INSERT INTO up_permissions_role_links VALUES(36,36,2,34.0);
INSERT INTO up_permissions_role_links VALUES(37,37,2,35.0);
INSERT INTO up_permissions_role_links VALUES(38,38,1,3.0);
INSERT INTO up_permissions_role_links VALUES(39,39,1,4.0);
INSERT INTO up_permissions_role_links VALUES(40,40,1,5.0);
INSERT INTO up_permissions_role_links VALUES(41,41,1,6.0);
INSERT INTO up_permissions_role_links VALUES(42,42,1,7.0);
INSERT INTO up_permissions_role_links VALUES(43,43,1,8.0);
INSERT INTO up_permissions_role_links VALUES(44,44,1,9.0);
INSERT INTO up_permissions_role_links VALUES(45,45,1,10.0);
INSERT INTO up_permissions_role_links VALUES(46,46,1,11.0);
INSERT INTO up_permissions_role_links VALUES(47,47,1,12.0);
INSERT INTO up_permissions_role_links VALUES(48,48,1,13.0);
INSERT INTO up_permissions_role_links VALUES(49,49,1,14.0);
INSERT INTO up_permissions_role_links VALUES(50,50,1,15.0);
INSERT INTO up_permissions_role_links VALUES(51,51,1,16.0);
INSERT INTO up_permissions_role_links VALUES(52,52,1,17.0);
INSERT INTO up_permissions_role_links VALUES(53,53,1,18.0);
INSERT INTO up_permissions_role_links VALUES(54,54,1,19.0);
INSERT INTO up_permissions_role_links VALUES(55,55,1,20.0);
INSERT INTO up_permissions_role_links VALUES(56,56,1,21.0);
INSERT INTO up_permissions_role_links VALUES(57,57,1,22.0);
INSERT INTO up_permissions_role_links VALUES(58,58,1,23.0);
INSERT INTO up_permissions_role_links VALUES(59,59,1,24.0);
INSERT INTO up_permissions_role_links VALUES(60,60,1,25.0);
INSERT INTO up_permissions_role_links VALUES(61,61,1,26.0);
INSERT INTO up_permissions_role_links VALUES(62,62,1,27.0);
INSERT INTO up_permissions_role_links VALUES(63,63,1,28.0);
INSERT INTO up_permissions_role_links VALUES(64,64,1,29.0);
INSERT INTO up_permissions_role_links VALUES(65,65,1,30.0);
INSERT INTO up_permissions_role_links VALUES(66,66,1,31.0);
INSERT INTO up_permissions_role_links VALUES(67,67,1,32.0);
INSERT INTO up_permissions_role_links VALUES(68,68,1,33.0);
INSERT INTO up_permissions_role_links VALUES(69,69,1,34.0);
INSERT INTO up_permissions_role_links VALUES(70,70,1,35.0);
CREATE TABLE IF NOT EXISTS "up_users_role_links" (`id` integer PRIMARY KEY AUTOINCREMENT NOT NULL, `user_id` integer NULL, `role_id` integer NULL, `user_order` float NULL, CONSTRAINT `up_users_role_links_fk` FOREIGN KEY (`user_id`) REFERENCES `up_users` (`id`) ON DELETE CASCADE, CONSTRAINT `up_users_role_links_inv_fk` FOREIGN KEY (`role_id`) REFERENCES `up_roles` (`id`) ON DELETE CASCADE, CONSTRAINT `up_users_role_links_fk` FOREIGN KEY (`user_id`) REFERENCES `up_users` (`id`) ON DELETE CASCADE, CONSTRAINT `up_users_role_links_inv_fk` FOREIGN KEY (`role_id`) REFERENCES `up_roles` (`id`) ON DELETE CASCADE);
INSERT INTO up_users_role_links VALUES(1,1,1,1.0);
INSERT INTO up_users_role_links VALUES(2,2,1,2.0);
INSERT INTO up_users_role_links VALUES(3,3,1,3.0);
CREATE TABLE IF NOT EXISTS "background_music_tracks_uploaded_by_links" (`id` integer PRIMARY KEY AUTOINCREMENT NOT NULL, `background_music_id` integer NULL, `admin_user_id` integer NULL, CONSTRAINT `background_music_tracks_uploaded_by_links_fk` FOREIGN KEY (`background_music_id`) REFERENCES `background_music_tracks` (`id`) ON DELETE CASCADE, CONSTRAINT `background_music_tracks_uploaded_by_links_inv_fk` FOREIGN KEY (`admin_user_id`) REFERENCES `admin_user_profiles` (`id`) ON DELETE CASCADE, CONSTRAINT `background_music_tracks_uploaded_by_links_fk` FOREIGN KEY (`background_music_id`) REFERENCES `background_music_tracks` (`id`) ON DELETE CASCADE, CONSTRAINT `background_music_tracks_uploaded_by_links_inv_fk` FOREIGN KEY (`admin_user_id`) REFERENCES `admin_user_profiles` (`id`) ON DELETE CASCADE);
CREATE TABLE IF NOT EXISTS "categories_game_links" (`id` integer PRIMARY KEY AUTOINCREMENT NOT NULL, `category_id` integer NULL, `game_id` integer NULL, `category_order` float NULL, CONSTRAINT `categories_game_links_fk` FOREIGN KEY (`category_id`) REFERENCES `categories` (`id`) ON DELETE CASCADE, CONSTRAINT `categories_game_links_inv_fk` FOREIGN KEY (`game_id`) REFERENCES `games` (`id`) ON DELETE CASCADE, CONSTRAINT `categories_game_links_fk` FOREIGN KEY (`category_id`) REFERENCES `categories` (`id`) ON DELETE CASCADE, CONSTRAINT `categories_game_links_inv_fk` FOREIGN KEY (`game_id`) REFERENCES `games` (`id`) ON DELETE CASCADE);
INSERT INTO categories_game_links VALUES(1,1,1,1.0);
INSERT INTO categories_game_links VALUES(2,2,1,2.0);
INSERT INTO categories_game_links VALUES(3,3,1,3.0);
INSERT INTO categories_game_links VALUES(4,4,1,4.0);
INSERT INTO categories_game_links VALUES(5,5,1,5.0);
INSERT INTO categories_game_links VALUES(6,6,1,6.0);
INSERT INTO categories_game_links VALUES(7,7,2,1.0);
INSERT INTO categories_game_links VALUES(8,8,2,2.0);
INSERT INTO categories_game_links VALUES(9,9,2,3.0);
INSERT INTO categories_game_links VALUES(10,10,2,4.0);
INSERT INTO categories_game_links VALUES(11,11,2,5.0);
INSERT INTO categories_game_links VALUES(12,12,2,6.0);
INSERT INTO categories_game_links VALUES(13,13,3,1.0);
INSERT INTO categories_game_links VALUES(14,14,3,2.0);
INSERT INTO categories_game_links VALUES(15,15,3,3.0);
INSERT INTO categories_game_links VALUES(16,16,3,4.0);
INSERT INTO categories_game_links VALUES(17,17,3,5.0);
INSERT INTO categories_game_links VALUES(18,18,3,6.0);
INSERT INTO categories_game_links VALUES(19,19,4,1.0);
INSERT INTO categories_game_links VALUES(20,20,4,2.0);
INSERT INTO categories_game_links VALUES(21,21,4,3.0);
INSERT INTO categories_game_links VALUES(22,22,4,4.0);
INSERT INTO categories_game_links VALUES(23,23,4,5.0);
INSERT INTO categories_game_links VALUES(24,24,4,6.0);
INSERT INTO categories_game_links VALUES(25,25,5,1.0);
INSERT INTO categories_game_links VALUES(26,26,5,2.0);
INSERT INTO categories_game_links VALUES(27,27,5,3.0);
INSERT INTO categories_game_links VALUES(28,28,5,4.0);
INSERT INTO categories_game_links VALUES(29,29,5,5.0);
INSERT INTO categories_game_links VALUES(30,30,5,6.0);
INSERT INTO categories_game_links VALUES(31,31,6,1.0);
INSERT INTO categories_game_links VALUES(32,32,6,2.0);
INSERT INTO categories_game_links VALUES(33,33,6,3.0);
INSERT INTO categories_game_links VALUES(34,34,6,4.0);
INSERT INTO categories_game_links VALUES(35,35,6,5.0);
INSERT INTO categories_game_links VALUES(36,36,6,6.0);
INSERT INTO categories_game_links VALUES(37,37,8,1.0);
INSERT INTO categories_game_links VALUES(38,38,8,2.0);
INSERT INTO categories_game_links VALUES(39,39,8,3.0);
INSERT INTO categories_game_links VALUES(40,40,8,4.0);
INSERT INTO categories_game_links VALUES(41,41,8,5.0);
INSERT INTO categories_game_links VALUES(42,42,8,6.0);
INSERT INTO categories_game_links VALUES(43,43,9,1.0);
INSERT INTO categories_game_links VALUES(44,44,9,2.0);
INSERT INTO categories_game_links VALUES(45,45,9,3.0);
INSERT INTO categories_game_links VALUES(46,46,9,4.0);
INSERT INTO categories_game_links VALUES(47,47,9,5.0);
INSERT INTO categories_game_links VALUES(48,48,9,6.0);
CREATE TABLE IF NOT EXISTS "questions_category_links" (`id` integer PRIMARY KEY AUTOINCREMENT NOT NULL, `question_id` integer NULL, `category_id` integer NULL, `question_order` float NULL, CONSTRAINT `questions_category_links_fk` FOREIGN KEY (`question_id`) REFERENCES `questions` (`id`) ON DELETE CASCADE, CONSTRAINT `questions_category_links_inv_fk` FOREIGN KEY (`category_id`) REFERENCES `categories` (`id`) ON DELETE CASCADE, CONSTRAINT `questions_category_links_fk` FOREIGN KEY (`question_id`) REFERENCES `questions` (`id`) ON DELETE CASCADE, CONSTRAINT `questions_category_links_inv_fk` FOREIGN KEY (`category_id`) REFERENCES `categories` (`id`) ON DELETE CASCADE);
CREATE TABLE IF NOT EXISTS "questions_game_links" (`id` integer PRIMARY KEY AUTOINCREMENT NOT NULL, `question_id` integer NULL, `game_id` integer NULL, `question_order` float NULL, CONSTRAINT `questions_game_links_fk` FOREIGN KEY (`question_id`) REFERENCES `questions` (`id`) ON DELETE CASCADE, CONSTRAINT `questions_game_links_inv_fk` FOREIGN KEY (`game_id`) REFERENCES `games` (`id`) ON DELETE CASCADE, CONSTRAINT `questions_game_links_fk` FOREIGN KEY (`question_id`) REFERENCES `questions` (`id`) ON DELETE CASCADE, CONSTRAINT `questions_game_links_inv_fk` FOREIGN KEY (`game_id`) REFERENCES `games` (`id`) ON DELETE CASCADE);
CREATE TABLE IF NOT EXISTS "game_users_components" (`id` integer PRIMARY KEY AUTOINCREMENT NOT NULL, `entity_id` integer NULL, `component_id` integer NULL, `component_type` varchar(255) NULL, `field` varchar(255) NULL, `order` float NULL, CONSTRAINT `game_users_entity_fk` FOREIGN KEY (`entity_id`) REFERENCES `game_users` (`id`) ON DELETE CASCADE, CONSTRAINT `game_users_entity_fk` FOREIGN KEY (`entity_id`) REFERENCES `game_users` (`id`) ON DELETE CASCADE);
CREATE TABLE IF NOT EXISTS "user_music_tracks_user_links" (`id` integer PRIMARY KEY AUTOINCREMENT NOT NULL, `user_music_id` integer NULL, `user_id` integer NULL, CONSTRAINT `user_music_tracks_user_links_fk` FOREIGN KEY (`user_music_id`) REFERENCES `user_music_tracks` (`id`) ON DELETE CASCADE, CONSTRAINT `user_music_tracks_user_links_inv_fk` FOREIGN KEY (`user_id`) REFERENCES `up_users` (`id`) ON DELETE CASCADE, CONSTRAINT `user_music_tracks_user_links_fk` FOREIGN KEY (`user_music_id`) REFERENCES `user_music_tracks` (`id`) ON DELETE CASCADE, CONSTRAINT `user_music_tracks_user_links_inv_fk` FOREIGN KEY (`user_id`) REFERENCES `up_users` (`id`) ON DELETE CASCADE);
CREATE TABLE IF NOT EXISTS "admin_user_profiles" (`id` integer PRIMARY KEY AUTOINCREMENT NOT NULL, `email` varchar(255) NULL, `password` text NULL, `permissions` json NULL, `is_active` boolean NULL, `last_login` datetime NULL, `created_by_id` integer NULL, `created_at` datetime NULL, `updated_at` datetime NULL, `updated_by_id` integer NULL, `full_name` varchar(255) NULL, `admin_type` varchar(255) NULL, `badge` varchar(255) NULL, `session_token` text NULL, CONSTRAINT `admin_user_profiles_created_by_id_fk` FOREIGN KEY (`created_by_id`) REFERENCES `admin_users` (`id`) ON DELETE SET NULL, CONSTRAINT `admin_user_profiles_updated_by_id_fk` FOREIGN KEY (`updated_by_id`) REFERENCES `admin_users` (`id`) ON DELETE SET NULL, CONSTRAINT `admin_user_profiles_created_by_id_fk` FOREIGN KEY (`created_by_id`) REFERENCES `admin_users` (`id`) ON DELETE SET NULL, CONSTRAINT `admin_user_profiles_updated_by_id_fk` FOREIGN KEY (`updated_by_id`) REFERENCES `admin_users` (`id`) ON DELETE SET NULL);
INSERT INTO admin_user_profiles VALUES(1,'superadmin@elitegames.com','$2a$10$1PlaCJMCT/Aa5nkuac/2Se.xtwfkye1SkfgoV.lJWvFQ/vYrrIKra','["manage_trivia","manage_users","manage_admins","manage_music","manage_shop","view_orders","view_subscriptions","view_analytics","system_settings","financial_data"]',1,1748986986024,NULL,1748851777392,1748986986046,NULL,'Super Administrator','SA','SA','eyJhbGciOiJIUzI1NiIsInR5cCI6IkpXVCJ9.eyJhZG1pbklkIjoxLCJhZG1pblR5cGUiOiJTQSIsImVtYWlsIjoic3VwZXJhZG1pbkBlbGl0ZWdhbWVzLmNvbSIsImlhdCI6MTc0ODk4Njk4NiwiZXhwIjoxNzQ5MDE1Nzg2fQ.EKetZmKsaz3kv9iFJEpr7dyXYyobqZglyau4P4BXQGg');
INSERT INTO admin_user_profiles VALUES(2,'devadmin@elitegames.com','$2a$10$w0HKhSuCcDJkmKhFFebeWOrUyCmmqCPu8zDjMtK72eO4lQuOhTseG','["manage_trivia","manage_users","manage_limited_admins","manage_music","manage_shop","view_analytics","system_settings"]',1,NULL,NULL,1748851777572,1748852045777,NULL,'Development Administrator','DEV','DEV',NULL);
INSERT INTO admin_user_profiles VALUES(3,'shopadmin@elitegames.com','$2a$10$IuaZZS/cVEmvB8VT0ErQp.fhO7FlEFpGSp1/pqOu0GdEpJiAaqqee','["manage_shop","manage_products","view_orders","manage_inventory"]',1,NULL,NULL,1748851777730,1748851777730,NULL,'Shop Administrator','SH','SH',NULL);
INSERT INTO admin_user_profiles VALUES(4,'contentadmin@elitegames.com','$2a$10$Bj28h.p/QIN.aSYlW1I12.WUxTtVsbNbiJBiegWrrWvWHF9dg6EwO','["manage_trivia","manage_content","manage_questions","view_analytics"]',1,NULL,NULL,1748851777886,1748852051406,NULL,'Content Administrator','CT','CT',NULL);
INSERT INTO admin_user_profiles VALUES(5,'customeradmin@elitegames.com','$2a$10$c5gGAD4K82BNdBdqAHt0/e49wJ99xA/YVs2ruOEBfZakA.vObHUQi','["manage_users","view_support","view_user_analytics"]',1,NULL,NULL,1748851778043,1748851778043,NULL,'Customer Administrator','CS','CS',NULL);
CREATE TABLE IF NOT EXISTS "games" (`id` integer PRIMARY KEY AUTOINCREMENT NOT NULL, `name` varchar(255) NULL, `description` text NULL, `type` varchar(255) NULL, `status` varchar(255) NULL, `total_questions` integer NULL, `is_active` boolean NULL, `sort_order` integer NULL, `created_at` datetime NULL, `updated_at` datetime NULL, `created_by_id` integer NULL, `updated_by_id` integer NULL, CONSTRAINT `games_created_by_id_fk` FOREIGN KEY (`created_by_id`) REFERENCES `admin_users` (`id`) ON DELETE SET NULL, CONSTRAINT `games_updated_by_id_fk` FOREIGN KEY (`updated_by_id`) REFERENCES `admin_users` (`id`) ON DELETE SET NULL, CONSTRAINT `games_created_by_id_fk` FOREIGN KEY (`created_by_id`) REFERENCES `admin_users` (`id`) ON DELETE SET NULL, CONSTRAINT `games_updated_by_id_fk` FOREIGN KEY (`updated_by_id`) REFERENCES `admin_users` (`id`) ON DELETE SET NULL);
INSERT INTO games VALUES(1,'Test Nested Game','A test nested game','nested','free',0,1,0,1748884668605,1748884668605,NULL,NULL);
INSERT INTO games VALUES(2,'Elite Trivia Challenge','Premium nested trivia experience','nested','premium',0,1,0,1748884675524,1748884675524,NULL,NULL);
INSERT INTO games VALUES(3,'World Explorer Challenge','Journey through diverse topics and cultures','nested','free',0,1,0,1748884730059,1748884730059,NULL,NULL);
INSERT INTO games VALUES(4,'Science','Science Trivia questions consists of Biology, Fun Science, Human Body, Chemistry and Astronomy questions','nested','free',0,1,0,1748885125278,1748885125278,NULL,NULL);
INSERT INTO games VALUES(5,'Admin Panel Test Game','Testing from admin panel','nested','free',0,1,0,1748885291182,1748885291182,NULL,NULL);
INSERT INTO games VALUES(6,'Working Test Game','Final test game','nested','free',0,1,0,1748885362574,1748885362574,NULL,NULL);
INSERT INTO games VALUES(7,'Simple Test Game','Basic test','straight','free',0,1,0,1748885550852,1748885550852,NULL,NULL);
INSERT INTO games VALUES(8,'Admin Panel Success Game','Created after fixing admin panel','nested','free',0,1,0,1748885666590,1748885666590,NULL,NULL);
INSERT INTO games VALUES(9,'PostgreSQL Test Game','Testing nested game creation with PostgreSQL','nested','free',0,1,0,1748887191326,1748887191326,NULL,NULL);
CREATE TABLE IF NOT EXISTS "categories" (`id` integer PRIMARY KEY AUTOINCREMENT NOT NULL, `name` varchar(255) NULL, `description` text NULL, `difficulty` varchar(255) NULL, `question_count` integer NULL, `status` varchar(255) NULL, `card_number` integer NULL, `is_active` boolean NULL, `sort_order` integer NULL, `created_at` datetime NULL, `updated_at` datetime NULL, `created_by_id` integer NULL, `updated_by_id` integer NULL, CONSTRAINT `categories_created_by_id_fk` FOREIGN KEY (`created_by_id`) REFERENCES `admin_users` (`id`) ON DELETE SET NULL, CONSTRAINT `categories_updated_by_id_fk` FOREIGN KEY (`updated_by_id`) REFERENCES `admin_users` (`id`) ON DELETE SET NULL, CONSTRAINT `categories_created_by_id_fk` FOREIGN KEY (`created_by_id`) REFERENCES `admin_users` (`id`) ON DELETE SET NULL, CONSTRAINT `categories_updated_by_id_fk` FOREIGN KEY (`updated_by_id`) REFERENCES `admin_users` (`id`) ON DELETE SET NULL);
INSERT INTO categories VALUES(1,'General Knowledge','Questions for General Knowledge','medium',0,'free',1,1,0,1748884668620,1748884668620,NULL,NULL);
INSERT INTO categories VALUES(2,'Science','Questions for Science','medium',0,'free',2,1,1,1748884668635,1748884668635,NULL,NULL);
INSERT INTO categories VALUES(3,'History','Questions for History','medium',0,'free',3,1,2,1748884668647,1748884668647,NULL,NULL);
INSERT INTO categories VALUES(4,'Sports','Questions for Sports','medium',0,'free',4,1,3,1748884668654,1748884668654,NULL,NULL);
INSERT INTO categories VALUES(5,'Entertainment','Questions for Entertainment','medium',0,'free',5,1,4,1748884668666,1748884668666,NULL,NULL);
INSERT INTO categories VALUES(6,'Special Card 6','Special card without questions - game completion bonus','medium',0,'free',6,1,5,1748884668679,1748884668679,NULL,NULL);
INSERT INTO categories VALUES(7,'Geography','Questions for Geography','medium',0,'premium',1,1,0,1748884675532,1748884675532,NULL,NULL);
INSERT INTO categories VALUES(8,'Literature','Questions for Literature','medium',0,'premium',2,1,1,1748884675545,1748884675545,NULL,NULL);
INSERT INTO categories VALUES(9,'Technology','Questions for Technology','medium',0,'premium',3,1,2,1748884675563,1748884675563,NULL,NULL);
INSERT INTO categories VALUES(10,'Music','Questions for Music','medium',0,'premium',4,1,3,1748884675576,1748884675576,NULL,NULL);
INSERT INTO categories VALUES(11,'Art','Questions for Art','medium',0,'premium',5,1,4,1748884675594,1748884675594,NULL,NULL);
INSERT INTO categories VALUES(12,'Special Card 6','Special card without questions - game completion bonus','medium',0,'premium',6,1,5,1748884675613,1748884675613,NULL,NULL);
INSERT INTO categories VALUES(13,'World Geography','Questions for World Geography','medium',0,'free',1,1,0,1748884730065,1748884730065,NULL,NULL);
INSERT INTO categories VALUES(14,'Ancient Civilizations','Questions for Ancient Civilizations','medium',0,'free',2,1,1,1748884730071,1748884730071,NULL,NULL);
INSERT INTO categories VALUES(15,'Languages','Questions for Languages','medium',0,'free',3,1,2,1748884730079,1748884730079,NULL,NULL);
INSERT INTO categories VALUES(16,'Food & Culture','Questions for Food & Culture','medium',0,'free',4,1,3,1748884730086,1748884730086,NULL,NULL);
INSERT INTO categories VALUES(17,'Travel & Tourism','Questions for Travel & Tourism','medium',0,'free',5,1,4,1748884730093,1748884730093,NULL,NULL);
INSERT INTO categories VALUES(18,'Special Card 6','Special card without questions - game completion bonus','medium',0,'free',6,1,5,1748884730100,1748884730100,NULL,NULL);
INSERT INTO categories VALUES(19,'Biology','Questions for Biology','medium',0,'free',1,1,0,1748885125291,1748885125291,NULL,NULL);
INSERT INTO categories VALUES(20,'Fun Science','Questions for Fun Science','medium',0,'free',2,1,1,1748885125299,1748885125299,NULL,NULL);
INSERT INTO categories VALUES(21,'Human Body','Questions for Human Body','medium',0,'free',3,1,2,1748885125304,1748885125304,NULL,NULL);
INSERT INTO categories VALUES(22,'Chemistry','Questions for Chemistry','medium',0,'free',4,1,3,1748885125310,1748885125310,NULL,NULL);
INSERT INTO categories VALUES(23,'Astronomy','Questions for Astronomy','medium',0,'free',5,1,4,1748885125316,1748885125316,NULL,NULL);
INSERT INTO categories VALUES(24,'Special Card 6','Special card without questions - game completion bonus','medium',0,'free',6,1,5,1748885125321,1748885125321,NULL,NULL);
INSERT INTO categories VALUES(25,'Test Category 1','Questions for Test Category 1','medium',0,'free',1,1,0,1748885291204,1748885291204,NULL,NULL);
INSERT INTO categories VALUES(26,'Test Category 2','Questions for Test Category 2','medium',0,'free',2,1,1,1748885291274,1748885291274,NULL,NULL);
INSERT INTO categories VALUES(27,'Test Category 3','Questions for Test Category 3','medium',0,'free',3,1,2,1748885291363,1748885291363,NULL,NULL);
INSERT INTO categories VALUES(28,'Test Category 4','Questions for Test Category 4','medium',0,'free',4,1,3,1748885291380,1748885291380,NULL,NULL);
INSERT INTO categories VALUES(29,'Test Category 5','Questions for Test Category 5','medium',0,'free',5,1,4,1748885291397,1748885291397,NULL,NULL);
INSERT INTO categories VALUES(30,'Special Card 6','Special card without questions - game completion bonus','medium',0,'free',6,1,5,1748885291412,1748885291412,NULL,NULL);
INSERT INTO categories VALUES(31,'General Knowledge','Questions for General Knowledge','medium',0,'free',1,1,0,1748885362587,1748885362587,NULL,NULL);
INSERT INTO categories VALUES(32,'Science','Questions for Science','medium',0,'free',2,1,1,1748885362598,1748885362598,NULL,NULL);
INSERT INTO categories VALUES(33,'History','Questions for History','medium',0,'free',3,1,2,1748885362606,1748885362606,NULL,NULL);
INSERT INTO categories VALUES(34,'Sports','Questions for Sports','medium',0,'free',4,1,3,1748885362614,1748885362614,NULL,NULL);
INSERT INTO categories VALUES(35,'Entertainment','Questions for Entertainment','medium',0,'free',5,1,4,1748885362620,1748885362620,NULL,NULL);
INSERT INTO categories VALUES(36,'Special Card 6','Special card without questions - game completion bonus','medium',0,'free',6,1,5,1748885362628,1748885362628,NULL,NULL);
INSERT INTO categories VALUES(37,'Mathematics','Questions for Mathematics','medium',0,'free',1,1,0,1748885666598,1748885666598,NULL,NULL);
INSERT INTO categories VALUES(38,'Physics','Questions for Physics','medium',0,'free',2,1,1,1748885666611,1748885666611,NULL,NULL);
INSERT INTO categories VALUES(39,'Chemistry','Questions for Chemistry','medium',0,'free',3,1,2,1748885666619,1748885666619,NULL,NULL);
INSERT INTO categories VALUES(40,'Biology','Questions for Biology','medium',0,'free',4,1,3,1748885666627,1748885666627,NULL,NULL);
INSERT INTO categories VALUES(41,'Computer Science','Questions for Computer Science','medium',0,'free',5,1,4,1748885666634,1748885666634,NULL,NULL);
INSERT INTO categories VALUES(42,'Special Card 6','Special card without questions - game completion bonus','medium',0,'free',6,1,5,1748885666641,1748885666641,NULL,NULL);
INSERT INTO categories VALUES(43,'General Knowledge','Questions for General Knowledge','medium',0,'free',1,1,0,1748887191337,1748887191337,NULL,NULL);
INSERT INTO categories VALUES(44,'Science & Nature','Questions for Science & Nature','medium',0,'free',2,1,1,1748887191347,1748887191347,NULL,NULL);
INSERT INTO categories VALUES(45,'History','Questions for History','medium',0,'free',3,1,2,1748887191356,1748887191356,NULL,NULL);
INSERT INTO categories VALUES(46,'Sports & Leisure','Questions for Sports & Leisure','medium',0,'free',4,1,3,1748887191364,1748887191364,NULL,NULL);
INSERT INTO categories VALUES(47,'Arts & Entertainment','Questions for Arts & Entertainment','medium',0,'free',5,1,4,1748887191372,1748887191372,NULL,NULL);
INSERT INTO categories VALUES(48,'Special Card 6','Special card without questions - game completion bonus','medium',0,'free',6,1,5,1748887191378,1748887191378,NULL,NULL);
DELETE FROM sqlite_sequence;
INSERT INTO sqlite_sequence VALUES('admin_permissions',176);
INSERT INTO sqlite_sequence VALUES('admin_users',6);
INSERT INTO sqlite_sequence VALUES('admin_roles',3);
INSERT INTO sqlite_sequence VALUES('strapi_api_tokens',2);
INSERT INTO sqlite_sequence VALUES('strapi_api_token_permissions',0);
INSERT INTO sqlite_sequence VALUES('strapi_transfer_tokens',0);
INSERT INTO sqlite_sequence VALUES('strapi_transfer_token_permissions',0);
INSERT INTO sqlite_sequence VALUES('files',0);
INSERT INTO sqlite_sequence VALUES('upload_folders',0);
INSERT INTO sqlite_sequence VALUES('strapi_releases',0);
INSERT INTO sqlite_sequence VALUES('strapi_release_actions',0);
INSERT INTO sqlite_sequence VALUES('up_permissions',70);
INSERT INTO sqlite_sequence VALUES('up_roles',2);
INSERT INTO sqlite_sequence VALUES('up_users',3);
INSERT INTO sqlite_sequence VALUES('background_music_tracks',0);
INSERT INTO sqlite_sequence VALUES('questions',0);
INSERT INTO sqlite_sequence VALUES('game_users',0);
INSERT INTO sqlite_sequence VALUES('user_music_tracks',0);
INSERT INTO sqlite_sequence VALUES('admin_permissions_role_links',176);
INSERT INTO sqlite_sequence VALUES('admin_users_roles_links',7);
INSERT INTO sqlite_sequence VALUES('strapi_api_token_permissions_token_links',0);
INSERT INTO sqlite_sequence VALUES('strapi_transfer_token_permissions_token_links',0);
INSERT INTO sqlite_sequence VALUES('files_related_morphs',0);
INSERT INTO sqlite_sequence VALUES('files_folder_links',0);
INSERT INTO sqlite_sequence VALUES('upload_folders_parent_links',0);
INSERT INTO sqlite_sequence VALUES('strapi_release_actions_release_links',0);
INSERT INTO sqlite_sequence VALUES('up_permissions_role_links',70);
INSERT INTO sqlite_sequence VALUES('up_users_role_links',3);
INSERT INTO sqlite_sequence VALUES('background_music_tracks_uploaded_by_links',0);
INSERT INTO sqlite_sequence VALUES('categories_game_links',48);
INSERT INTO sqlite_sequence VALUES('questions_category_links',0);
INSERT INTO sqlite_sequence VALUES('questions_game_links',0);
INSERT INTO sqlite_sequence VALUES('game_users_components',0);
INSERT INTO sqlite_sequence VALUES('user_music_tracks_user_links',0);
INSERT INTO sqlite_sequence VALUES('strapi_database_schema',7);
INSERT INTO sqlite_sequence VALUES('strapi_core_store_settings',31);
INSERT INTO sqlite_sequence VALUES('admin_user_profiles',5);
INSERT INTO sqlite_sequence VALUES('games',9);
INSERT INTO sqlite_sequence VALUES('categories',48);
CREATE INDEX `admin_permissions_created_by_id_fk` on `admin_permissions` (`created_by_id`);
CREATE INDEX `admin_permissions_updated_by_id_fk` on `admin_permissions` (`updated_by_id`);
CREATE INDEX `admin_users_created_by_id_fk` on `admin_users` (`created_by_id`);
CREATE INDEX `admin_users_updated_by_id_fk` on `admin_users` (`updated_by_id`);
CREATE INDEX `admin_roles_created_by_id_fk` on `admin_roles` (`created_by_id`);
CREATE INDEX `admin_roles_updated_by_id_fk` on `admin_roles` (`updated_by_id`);
CREATE INDEX `strapi_api_tokens_created_by_id_fk` on `strapi_api_tokens` (`created_by_id`);
CREATE INDEX `strapi_api_tokens_updated_by_id_fk` on `strapi_api_tokens` (`updated_by_id`);
CREATE INDEX `strapi_api_token_permissions_created_by_id_fk` on `strapi_api_token_permissions` (`created_by_id`);
CREATE INDEX `strapi_api_token_permissions_updated_by_id_fk` on `strapi_api_token_permissions` (`updated_by_id`);
CREATE INDEX `strapi_transfer_tokens_created_by_id_fk` on `strapi_transfer_tokens` (`created_by_id`);
CREATE INDEX `strapi_transfer_tokens_updated_by_id_fk` on `strapi_transfer_tokens` (`updated_by_id`);
CREATE INDEX `strapi_transfer_token_permissions_created_by_id_fk` on `strapi_transfer_token_permissions` (`created_by_id`);
CREATE INDEX `strapi_transfer_token_permissions_updated_by_id_fk` on `strapi_transfer_token_permissions` (`updated_by_id`);
CREATE INDEX `upload_files_folder_path_index` on `files` (`folder_path`);
CREATE INDEX `upload_files_created_at_index` on `files` (`created_at`);
CREATE INDEX `upload_files_updated_at_index` on `files` (`updated_at`);
CREATE INDEX `upload_files_name_index` on `files` (`name`);
CREATE INDEX `upload_files_size_index` on `files` (`size`);
CREATE INDEX `upload_files_ext_index` on `files` (`ext`);
CREATE INDEX `files_created_by_id_fk` on `files` (`created_by_id`);
CREATE INDEX `files_updated_by_id_fk` on `files` (`updated_by_id`);
CREATE UNIQUE INDEX `upload_folders_path_id_index` on `upload_folders` (`path_id`);
CREATE UNIQUE INDEX `upload_folders_path_index` on `upload_folders` (`path`);
CREATE INDEX `upload_folders_created_by_id_fk` on `upload_folders` (`created_by_id`);
CREATE INDEX `upload_folders_updated_by_id_fk` on `upload_folders` (`updated_by_id`);
CREATE INDEX `strapi_releases_created_by_id_fk` on `strapi_releases` (`created_by_id`);
CREATE INDEX `strapi_releases_updated_by_id_fk` on `strapi_releases` (`updated_by_id`);
CREATE INDEX `strapi_release_actions_created_by_id_fk` on `strapi_release_actions` (`created_by_id`);
CREATE INDEX `strapi_release_actions_updated_by_id_fk` on `strapi_release_actions` (`updated_by_id`);
CREATE INDEX `up_permissions_created_by_id_fk` on `up_permissions` (`created_by_id`);
CREATE INDEX `up_permissions_updated_by_id_fk` on `up_permissions` (`updated_by_id`);
CREATE INDEX `up_roles_created_by_id_fk` on `up_roles` (`created_by_id`);
CREATE INDEX `up_roles_updated_by_id_fk` on `up_roles` (`updated_by_id`);
CREATE INDEX `up_users_created_by_id_fk` on `up_users` (`created_by_id`);
CREATE INDEX `up_users_updated_by_id_fk` on `up_users` (`updated_by_id`);
CREATE INDEX `background_music_tracks_created_by_id_fk` on `background_music_tracks` (`created_by_id`);
CREATE INDEX `background_music_tracks_updated_by_id_fk` on `background_music_tracks` (`updated_by_id`);
CREATE INDEX `questions_created_by_id_fk` on `questions` (`created_by_id`);
CREATE INDEX `questions_updated_by_id_fk` on `questions` (`updated_by_id`);
CREATE INDEX `game_users_created_by_id_fk` on `game_users` (`created_by_id`);
CREATE INDEX `game_users_updated_by_id_fk` on `game_users` (`updated_by_id`);
CREATE INDEX `user_music_tracks_created_by_id_fk` on `user_music_tracks` (`created_by_id`);
CREATE INDEX `user_music_tracks_updated_by_id_fk` on `user_music_tracks` (`updated_by_id`);
CREATE INDEX `admin_permissions_role_links_fk` on `admin_permissions_role_links` (`permission_id`);
CREATE INDEX `admin_permissions_role_links_inv_fk` on `admin_permissions_role_links` (`role_id`);
CREATE UNIQUE INDEX `admin_permissions_role_links_unique` on `admin_permissions_role_links` (`permission_id`, `role_id`);
CREATE INDEX `admin_permissions_role_links_order_inv_fk` on `admin_permissions_role_links` (`permission_order`);
CREATE INDEX `admin_users_roles_links_fk` on `admin_users_roles_links` (`user_id`);
CREATE INDEX `admin_users_roles_links_inv_fk` on `admin_users_roles_links` (`role_id`);
CREATE UNIQUE INDEX `admin_users_roles_links_unique` on `admin_users_roles_links` (`user_id`, `role_id`);
CREATE INDEX `admin_users_roles_links_order_fk` on `admin_users_roles_links` (`role_order`);
CREATE INDEX `admin_users_roles_links_order_inv_fk` on `admin_users_roles_links` (`user_order`);
CREATE INDEX `strapi_api_token_permissions_token_links_fk` on `strapi_api_token_permissions_token_links` (`api_token_permission_id`);
CREATE INDEX `strapi_api_token_permissions_token_links_inv_fk` on `strapi_api_token_permissions_token_links` (`api_token_id`);
CREATE UNIQUE INDEX `strapi_api_token_permissions_token_links_unique` on `strapi_api_token_permissions_token_links` (`api_token_permission_id`, `api_token_id`);
CREATE INDEX `strapi_api_token_permissions_token_links_order_inv_fk` on `strapi_api_token_permissions_token_links` (`api_token_permission_order`);
CREATE INDEX `strapi_transfer_token_permissions_token_links_fk` on `strapi_transfer_token_permissions_token_links` (`transfer_token_permission_id`);
CREATE INDEX `strapi_transfer_token_permissions_token_links_inv_fk` on `strapi_transfer_token_permissions_token_links` (`transfer_token_id`);
CREATE UNIQUE INDEX `strapi_transfer_token_permissions_token_links_unique` on `strapi_transfer_token_permissions_token_links` (`transfer_token_permission_id`, `transfer_token_id`);
CREATE INDEX `strapi_transfer_token_permissions_token_links_order_inv_fk` on `strapi_transfer_token_permissions_token_links` (`transfer_token_permission_order`);
CREATE INDEX `files_related_morphs_fk` on `files_related_morphs` (`file_id`);
CREATE INDEX `files_related_morphs_order_index` on `files_related_morphs` (`order`);
CREATE INDEX `files_related_morphs_id_column_index` on `files_related_morphs` (`related_id`);
CREATE INDEX `files_folder_links_fk` on `files_folder_links` (`file_id`);
CREATE INDEX `files_folder_links_inv_fk` on `files_folder_links` (`folder_id`);
CREATE UNIQUE INDEX `files_folder_links_unique` on `files_folder_links` (`file_id`, `folder_id`);
CREATE INDEX `files_folder_links_order_inv_fk` on `files_folder_links` (`file_order`);
CREATE INDEX `upload_folders_parent_links_fk` on `upload_folders_parent_links` (`folder_id`);
CREATE INDEX `upload_folders_parent_links_inv_fk` on `upload_folders_parent_links` (`inv_folder_id`);
CREATE UNIQUE INDEX `upload_folders_parent_links_unique` on `upload_folders_parent_links` (`folder_id`, `inv_folder_id`);
CREATE INDEX `upload_folders_parent_links_order_inv_fk` on `upload_folders_parent_links` (`folder_order`);
CREATE INDEX `strapi_release_actions_release_links_fk` on `strapi_release_actions_release_links` (`release_action_id`);
CREATE INDEX `strapi_release_actions_release_links_inv_fk` on `strapi_release_actions_release_links` (`release_id`);
CREATE UNIQUE INDEX `strapi_release_actions_release_links_unique` on `strapi_release_actions_release_links` (`release_action_id`, `release_id`);
CREATE INDEX `strapi_release_actions_release_links_order_inv_fk` on `strapi_release_actions_release_links` (`release_action_order`);
CREATE INDEX `up_permissions_role_links_fk` on `up_permissions_role_links` (`permission_id`);
CREATE INDEX `up_permissions_role_links_inv_fk` on `up_permissions_role_links` (`role_id`);
CREATE UNIQUE INDEX `up_permissions_role_links_unique` on `up_permissions_role_links` (`permission_id`, `role_id`);
CREATE INDEX `up_permissions_role_links_order_inv_fk` on `up_permissions_role_links` (`permission_order`);
CREATE INDEX `up_users_role_links_fk` on `up_users_role_links` (`user_id`);
CREATE INDEX `up_users_role_links_inv_fk` on `up_users_role_links` (`role_id`);
CREATE UNIQUE INDEX `up_users_role_links_unique` on `up_users_role_links` (`user_id`, `role_id`);
CREATE INDEX `up_users_role_links_order_inv_fk` on `up_users_role_links` (`user_order`);
CREATE INDEX `background_music_tracks_uploaded_by_links_fk` on `background_music_tracks_uploaded_by_links` (`background_music_id`);
CREATE INDEX `background_music_tracks_uploaded_by_links_inv_fk` on `background_music_tracks_uploaded_by_links` (`admin_user_id`);
CREATE UNIQUE INDEX `background_music_tracks_uploaded_by_links_unique` on `background_music_tracks_uploaded_by_links` (`background_music_id`, `admin_user_id`);
CREATE INDEX `categories_game_links_fk` on `categories_game_links` (`category_id`);
CREATE INDEX `categories_game_links_inv_fk` on `categories_game_links` (`game_id`);
CREATE UNIQUE INDEX `categories_game_links_unique` on `categories_game_links` (`category_id`, `game_id`);
CREATE INDEX `categories_game_links_order_inv_fk` on `categories_game_links` (`category_order`);
CREATE INDEX `questions_category_links_fk` on `questions_category_links` (`question_id`);
CREATE INDEX `questions_category_links_inv_fk` on `questions_category_links` (`category_id`);
CREATE UNIQUE INDEX `questions_category_links_unique` on `questions_category_links` (`question_id`, `category_id`);
CREATE INDEX `questions_category_links_order_inv_fk` on `questions_category_links` (`question_order`);
CREATE INDEX `questions_game_links_fk` on `questions_game_links` (`question_id`);
CREATE INDEX `questions_game_links_inv_fk` on `questions_game_links` (`game_id`);
CREATE UNIQUE INDEX `questions_game_links_unique` on `questions_game_links` (`question_id`, `game_id`);
CREATE INDEX `questions_game_links_order_inv_fk` on `questions_game_links` (`question_order`);
CREATE INDEX `game_users_field_index` on `game_users_components` (`field`);
CREATE INDEX `game_users_component_type_index` on `game_users_components` (`component_type`);
CREATE INDEX `game_users_entity_fk` on `game_users_components` (`entity_id`);
CREATE UNIQUE INDEX `game_users_unique` on `game_users_components` (`entity_id`, `component_id`, `field`, `component_type`);
CREATE INDEX `user_music_tracks_user_links_fk` on `user_music_tracks_user_links` (`user_music_id`);
CREATE INDEX `user_music_tracks_user_links_inv_fk` on `user_music_tracks_user_links` (`user_id`);
CREATE UNIQUE INDEX `user_music_tracks_user_links_unique` on `user_music_tracks_user_links` (`user_music_id`, `user_id`);
CREATE INDEX `admin_user_profiles_created_by_id_fk` on `admin_user_profiles` (`created_by_id`);
CREATE INDEX `admin_user_profiles_updated_by_id_fk` on `admin_user_profiles` (`updated_by_id`);
CREATE INDEX `games_created_by_id_fk` on `games` (`created_by_id`);
CREATE INDEX `games_updated_by_id_fk` on `games` (`updated_by_id`);
CREATE INDEX `categories_created_by_id_fk` on `categories` (`created_by_id`);
CREATE INDEX `categories_updated_by_id_fk` on `categories` (`updated_by_id`);
COMMIT;
